userId,follow,total,choosen
514,28,397,"[np.float64(1704.0), np.float64(356.0), np.float64(4993.0), np.float64(7153.0), np.float64(5952.0), np.float64(58559.0), np.float64(79132.0), np.float64(4202.0), np.float64(1198.0), np.float64(260.0), np.float64(593.0), np.float64(1196.0), np.float64(2013.0), np.float64(80463.0), np.float64(3471.0), np.float64(1197.0), np.float64(1213.0), np.float64(1214.0), np.float64(1240.0), np.float64(1036.0), np.float64(589.0), np.float64(1270.0), np.float64(2716.0), np.float64(47.0), np.float64(1307.0), np.float64(1302.0), np.float64(1097.0), np.float64(1278.0), np.float64(104841.0), np.float64(1968.0), np.float64(1210.0), np.float64(2115.0), np.float64(1961.0), np.float64(1997.0), np.float64(1682.0), np.float64(1954.0), np.float64(1.0), np.float64(2081.0), np.float64(2959.0), np.float64(1610.0), np.float64(3499.0), np.float64(364.0), np.float64(1962.0), np.float64(2791.0), np.float64(2028.0), np.float64(2288.0), np.float64(1288.0), np.float64(4321.0), np.float64(2797.0), np.float64(2762.0), np.float64(588.0), np.float64(4855.0), np.float64(2078.0), np.float64(2355.0), np.float64(34.0), np.float64(3527.0), np.float64(16.0), np.float64(2174.0), np.float64(2406.0), np.float64(2011.0), np.float64(3421.0), np.float64(76093.0), np.float64(50872.0), np.float64(1625.0), np.float64(2420.0), np.float64(3552.0), np.float64(3897.0), np.float64(134130.0), np.float64(1994.0), np.float64(4246.0), np.float64(1022.0), np.float64(74458.0), np.float64(2096.0), np.float64(109487.0), np.float64(69122.0), np.float64(3703.0), np.float64(440.0), np.float64(73017.0), np.float64(1345.0), np.float64(1321.0), np.float64(122900.0), np.float64(2087.0), np.float64(112852.0), np.float64(59369.0), np.float64(87869.0), np.float64(2455.0), np.float64(592.0), np.float64(596.0), np.float64(3868.0), np.float64(1517.0), np.float64(89492.0), np.float64(6870.0), np.float64(2795.0), np.float64(2100.0), np.float64(3033.0), np.float64(586.0), np.float64(2746.0), np.float64(2458.0), np.float64(5337.0), np.float64(185029.0), np.float64(179819.0), np.float64(122926.0), np.float64(122906.0), np.float64(177763.0), np.float64(180985.0), np.float64(3016.0), np.float64(1407.0), np.float64(1130.0), np.float64(2003.0), np.float64(1327.0), np.float64(1974.0), np.float64(175303.0), np.float64(1128.0), np.float64(1983.0), np.float64(51077.0), np.float64(1975.0), np.float64(169984.0), np.float64(1717.0), np.float64(1644.0), np.float64(2148.0), np.float64(1388.0), np.float64(2121.0), np.float64(3708.0), np.float64(2787.0), np.float64(1969.0), np.float64(1976.0), np.float64(1991.0), np.float64(1259.0), np.float64(2903.0), np.float64(2902.0), np.float64(2454.0), np.float64(136958.0), np.float64(296.0), np.float64(184931.0), np.float64(6296.0), np.float64(1179.0), np.float64(38583.0), np.float64(2002.0), np.float64(160571.0), np.float64(7477.0), np.float64(2662.0), np.float64(3052.0), np.float64(44.0), np.float64(2289.0), np.float64(6639.0), np.float64(7891.0), np.float64(26198.0), np.float64(53123.0), np.float64(168358.0), np.float64(1301.0), np.float64(34162.0), np.float64(167538.0), np.float64(1449.0), np.float64(186587.0), np.float64(140956.0), np.float64(46970.0), np.float64(785.0), np.float64(40478.0), np.float64(185473.0), np.float64(6299.0), np.float64(72171.0), np.float64(159510.0), np.float64(3385.0), np.float64(3041.0), np.float64(62586.0), np.float64(5543.0), np.float64(31150.0), np.float64(185.0), np.float64(6780.0), np.float64(2297.0), np.float64(1998.0), np.float64(3244.0), np.float64(124484.0), np.float64(5103.0), np.float64(136864.0), np.float64(5755.0), np.float64(74754.0), np.float64(184471.0), np.float64(5041.0), np.float64(184987.0), np.float64(179401.0), np.float64(3294.0), np.float64(3478.0), np.float64(185033.0), np.float64(22.0), np.float64(2268.0), np.float64(112552.0), np.float64(1193.0), np.float64(82459.0), np.float64(148626.0), np.float64(69481.0), np.float64(1136.0), np.float64(1234.0), np.float64(81932.0), np.float64(81845.0), np.float64(2161.0), np.float64(3363.0), np.float64(1265.0), np.float64(1207.0), np.float64(1396.0), np.float64(150.0), np.float64(1090.0), np.float64(1291.0), np.float64(54997.0), np.float64(5060.0), np.float64(72641.0), np.float64(1784.0), np.float64(4007.0), np.float64(595.0), np.float64(84772.0), np.float64(54503.0), np.float64(1641.0), np.float64(112183.0), np.float64(128360.0), np.float64(161.0), np.float64(6942.0), np.float64(4002.0), np.float64(2571.0), np.float64(4128.0), np.float64(3911.0), np.float64(115713.0), np.float64(81562.0), np.float64(109374.0), np.float64(3671.0), np.float64(474.0), np.float64(3039.0), np.float64(1674.0), np.float64(6944.0), np.float64(2005.0), np.float64(4361.0), np.float64(4995.0), np.float64(62.0), np.float64(3210.0), np.float64(3704.0), np.float64(2144.0), np.float64(6377.0), np.float64(597.0), np.float64(11.0), np.float64(8961.0), np.float64(2987.0), np.float64(4306.0), np.float64(49272.0), np.float64(111759.0), np.float64(104211.0), np.float64(480.0), np.float64(2918.0), np.float64(1266.0), np.float64(3361.0), np.float64(96588.0), np.float64(6979.0), np.float64(1127.0), np.float64(2858.0), np.float64(46578.0), np.float64(2403.0), np.float64(1393.0), np.float64(2243.0), np.float64(117590.0), np.float64(778.0), np.float64(58998.0), np.float64(115617.0), np.float64(1101.0), np.float64(159093.0), np.float64(1721.0), np.float64(3253.0), np.float64(91529.0), np.float64(339.0), np.float64(2423.0), np.float64(2407.0), np.float64(2985.0), np.float64(6989.0), np.float64(8368.0), np.float64(6787.0), np.float64(261.0), np.float64(1617.0), np.float64(919.0), np.float64(457.0), np.float64(1947.0), np.float64(2804.0), np.float64(3098.0), np.float64(3360.0), np.float64(3740.0), np.float64(608.0), np.float64(102903.0), np.float64(1982.0), np.float64(106782.0), np.float64(2194.0), np.float64(2396.0), np.float64(1333.0), np.float64(1584.0), np.float64(1200.0), np.float64(1387.0), np.float64(1544.0), np.float64(4638.0), np.float64(2867.0), np.float64(2901.0), np.float64(4533.0), np.float64(2377.0), np.float64(5433.0), np.float64(1977.0), np.float64(4893.0), np.float64(1984.0), np.float64(1978.0), np.float64(1389.0), np.float64(5189.0), np.float64(8894.0), np.float64(3938.0), np.float64(6746.0), np.float64(1326.0), np.float64(2517.0), np.float64(3843.0), np.float64(1587.0), np.float64(59615.0), np.float64(158830.0), np.float64(2739.0), np.float64(26242.0), np.float64(26492.0), np.float64(4564.0), np.float64(3738.0), np.float64(2398.0), np.float64(5797.0), np.float64(5205.0), np.float64(2878.0), np.float64(5704.0), np.float64(54881.0), np.float64(1124.0), np.float64(2301.0), np.float64(2792.0), np.float64(1335.0), np.float64(5925.0), np.float64(4291.0), np.float64(3688.0), np.float64(8906.0), np.float64(1286.0), np.float64(2088.0), np.float64(1381.0), np.float64(4396.0), np.float64(4439.0), np.float64(5250.0), np.float64(5248.0), np.float64(4215.0), np.float64(4124.0), np.float64(53972.0), np.float64(88744.0), np.float64(3766.0), np.float64(3362.0), np.float64(7730.0), np.float64(69453.0), np.float64(165103.0), np.float64(1292.0), np.float64(648.0), np.float64(4086.0), np.float64(168250.0), np.float64(4397.0), np.float64(26729.0), np.float64(33085.0), np.float64(2375.0), np.float64(2794.0), np.float64(188797.0), np.float64(5377.0), np.float64(1320.0), np.float64(1258.0), np.float64(2915.0), np.float64(2114.0), np.float64(1673.0), np.float64(52435.0), np.float64(26133.0), np.float64(149330.0), np.float64(73854.0), np.float64(2118.0), np.float64(5502.0), np.float64(1330.0), np.float64(2786.0), np.float64(68358.0), np.float64(4833.0), np.float64(3196.0), np.float64(167018.0), np.float64(26375.0), np.float64(135216.0), np.float64(180263.0), np.float64(182727.0), np.float64(141994.0), np.float64(3877.0), np.float64(3160.0), np.float64(88810.0), np.float64(142488.0), np.float64(60487.0), np.float64(1079.0), np.float64(1089.0), np.float64(68157.0), np.float64(6821.0), np.float64(185585.0), np.float64(187593.0), np.float64(187031.0), np.float64(187595.0), np.float64(5247.0), np.float64(5246.0), np.float64(162.0)]"
258,4,25,"[np.float64(318.0), np.float64(2571.0), np.float64(47099.0), np.float64(1197.0), np.float64(122918.0), np.float64(122916.0), np.float64(527.0), np.float64(68954.0), np.float64(122904.0), np.float64(76093.0), np.float64(72641.0), np.float64(60069.0), np.float64(115617.0), np.float64(3147.0), np.float64(2762.0), np.float64(122886.0), np.float64(87232.0), np.float64(2959.0), np.float64(48394.0), np.float64(70286.0), np.float64(48774.0), np.float64(7147.0), np.float64(5989.0), np.float64(66097.0), np.float64(4995.0)]"
519,2,26,"[np.float64(318.0), np.float64(1704.0), np.float64(51935.0), np.float64(2329.0), np.float64(5989.0), np.float64(1968.0), np.float64(356.0), np.float64(3408.0), np.float64(134393.0), np.float64(88163.0), np.float64(4963.0), np.float64(72998.0), np.float64(3948.0), np.float64(56367.0), np.float64(69122.0), np.float64(6378.0), np.float64(4025.0), np.float64(4447.0), np.float64(33679.0), np.float64(3717.0), np.float64(59369.0), np.float64(34162.0), np.float64(104211.0), np.float64(140110.0), np.float64(7445.0), np.float64(69406.0)]"
272,1,31,"[np.float64(318.0), np.float64(2571.0), np.float64(68358.0), np.float64(4993.0), np.float64(122922.0), np.float64(1580.0), np.float64(89745.0), np.float64(119145.0), np.float64(44191.0), np.float64(34405.0), np.float64(51662.0), np.float64(6365.0), np.float64(99114.0), np.float64(1721.0), np.float64(177765.0), np.float64(1240.0), np.float64(589.0), np.float64(109487.0), np.float64(50872.0), np.float64(49272.0), np.float64(1682.0), np.float64(112138.0), np.float64(3147.0), np.float64(1527.0), np.float64(134853.0), np.float64(5903.0), np.float64(2167.0), np.float64(84152.0), np.float64(108190.0), np.float64(148626.0), np.float64(158238.0)]"
153,11,179,"[np.float64(356.0), np.float64(1704.0), np.float64(2324.0), np.float64(4308.0), np.float64(6373.0), np.float64(1196.0), np.float64(68954.0), np.float64(44191.0), np.float64(180095.0), np.float64(858.0), np.float64(527.0), np.float64(2571.0), np.float64(1198.0), np.float64(168492.0), np.float64(55247.0), np.float64(7293.0), np.float64(56367.0), np.float64(46578.0), np.float64(63082.0), np.float64(7361.0), np.float64(94959.0), np.float64(4878.0), np.float64(4973.0), np.float64(97921.0), np.float64(3949.0), np.float64(109374.0), np.float64(6711.0), np.float64(177765.0), np.float64(106920.0), np.float64(2396.0), np.float64(778.0), np.float64(79702.0), np.float64(112552.0), np.float64(7147.0), np.float64(4226.0), np.float64(96821.0), np.float64(86882.0), np.float64(296.0), np.float64(1.0), np.float64(2959.0), np.float64(4979.0), np.float64(55269.0), np.float64(69757.0), np.float64(117176.0), np.float64(8784.0), np.float64(88810.0), np.float64(105844.0), np.float64(4995.0), np.float64(81591.0), np.float64(2858.0), np.float64(1246.0), np.float64(4014.0), np.float64(106100.0), np.float64(106782.0), np.float64(112183.0), np.float64(112556.0), np.float64(1961.0), np.float64(3408.0), np.float64(1682.0), np.float64(92259.0), np.float64(177615.0), np.float64(364.0), np.float64(4848.0), np.float64(1259.0), np.float64(40819.0), np.float64(174055.0), np.float64(89904.0), np.float64(30810.0), np.float64(36535.0), np.float64(56715.0), np.float64(158966.0), np.float64(2291.0), np.float64(81845.0), np.float64(30707.0), np.float64(2908.0), np.float64(3186.0), np.float64(1271.0), np.float64(5992.0), np.float64(3948.0), np.float64(3623.0), np.float64(179709.0), np.float64(60950.0), np.float64(140174.0), np.float64(143969.0), np.float64(62644.0), np.float64(586.0), np.float64(142488.0), np.float64(100843.0), np.float64(133780.0), np.float64(8464.0), np.float64(1732.0), np.float64(64034.0), np.float64(1206.0), np.float64(47099.0), np.float64(6377.0), np.float64(1193.0), np.float64(2395.0), np.float64(45720.0), np.float64(1380.0), np.float64(106916.0), np.float64(4306.0), np.float64(72641.0), np.float64(2.0), np.float64(112290.0), np.float64(500.0), np.float64(1721.0), np.float64(111921.0), np.float64(109487.0), np.float64(117881.0), np.float64(1258.0), np.float64(2671.0), np.float64(266.0), np.float64(1208.0), np.float64(2011.0), np.float64(2174.0), np.float64(87194.0), np.float64(112454.0), np.float64(138396.0), np.float64(105355.0), np.float64(85885.0), np.float64(81456.0), np.float64(152270.0), np.float64(95167.0), np.float64(72378.0), np.float64(95510.0), np.float64(64957.0), np.float64(101973.0), np.float64(1028.0), np.float64(616.0), np.float64(8533.0), np.float64(2080.0), np.float64(1907.0), np.float64(4896.0), np.float64(520.0), np.float64(41285.0), np.float64(51662.0), np.float64(780.0), np.float64(1485.0), np.float64(134853.0), np.float64(6863.0), np.float64(65230.0), np.float64(7458.0), np.float64(455.0), np.float64(5349.0), np.float64(118696.0), np.float64(166461.0), np.float64(86880.0), np.float64(102125.0), np.float64(122892.0), np.float64(2378.0), np.float64(1954.0), np.float64(106696.0), np.float64(2617.0), np.float64(2005.0), np.float64(153.0), np.float64(111659.0), np.float64(7317.0), np.float64(6793.0), np.float64(69644.0), np.float64(33679.0), np.float64(8528.0), np.float64(2355.0), np.float64(788.0), np.float64(1356.0), np.float64(2710.0), np.float64(7265.0), np.float64(1580.0), np.float64(597.0), np.float64(2572.0), np.float64(99114.0), np.float64(72998.0), np.float64(89745.0), np.float64(91529.0), np.float64(175303.0), np.float64(179819.0), np.float64(173145.0), np.float64(172547.0), np.float64(184471.0), np.float64(66665.0)]"
25,14,26,"[np.float64(7153.0), np.float64(5952.0), np.float64(4993.0), np.float64(2571.0), np.float64(79132.0), np.float64(260.0), np.float64(527.0), np.float64(231.0), np.float64(122912.0), np.float64(176371.0), np.float64(187541.0), np.float64(180095.0), np.float64(68954.0), np.float64(1198.0), np.float64(3578.0), np.float64(91529.0), np.float64(122916.0), np.float64(2028.0), np.float64(116797.0), np.float64(68157.0), np.float64(59315.0), np.float64(60069.0), np.float64(58559.0), np.float64(74458.0), np.float64(177593.0), np.float64(187593.0)]"
417,15,67,"[np.float64(2959.0), np.float64(2571.0), np.float64(858.0), np.float64(2712.0), np.float64(4995.0), np.float64(4896.0), np.float64(3949.0), np.float64(68157.0), np.float64(74458.0), np.float64(7254.0), np.float64(1682.0), np.float64(4226.0), np.float64(4306.0), np.float64(3578.0), np.float64(4878.0), np.float64(106782.0), np.float64(3535.0), np.float64(49530.0), np.float64(122904.0), np.float64(27773.0), np.float64(4975.0), np.float64(115713.0), np.float64(112552.0), np.float64(55247.0), np.float64(8529.0), np.float64(84152.0), np.float64(47099.0), np.float64(106920.0), np.float64(110102.0), np.float64(1258.0), np.float64(318.0), np.float64(356.0), np.float64(2762.0), np.float64(1704.0), np.float64(1206.0), np.float64(2858.0), np.float64(6016.0), np.float64(1213.0), np.float64(1732.0), np.float64(5952.0), np.float64(4993.0), np.float64(7153.0), np.float64(79357.0), np.float64(168250.0), np.float64(8914.0), np.float64(288.0), np.float64(58559.0), np.float64(81845.0), np.float64(296.0), np.float64(2329.0), np.float64(92259.0), np.float64(1221.0), np.float64(48394.0), np.float64(778.0), np.float64(6874.0), np.float64(187541.0), np.float64(593.0), np.float64(1198.0), np.float64(109487.0), np.float64(79132.0), np.float64(1625.0), np.float64(47.0), np.float64(1193.0), np.float64(78349.0), np.float64(1089.0), np.float64(97938.0), np.float64(106489.0)]"
296,8,27,"[np.float64(318.0), np.float64(527.0), np.float64(79132.0), np.float64(2959.0), np.float64(1704.0), np.float64(2571.0), np.float64(2324.0), np.float64(2028.0), np.float64(296.0), np.float64(110.0), np.float64(50.0), np.float64(356.0), np.float64(31364.0), np.float64(171765.0), np.float64(180031.0), np.float64(48394.0), np.float64(1201.0), np.float64(5618.0), np.float64(65261.0), np.float64(7156.0), np.float64(169034.0), np.float64(160848.0), np.float64(166528.0), np.float64(5378.0), np.float64(2628.0), np.float64(33493.0), np.float64(4144.0)]"
556,8,32,"[np.float64(4993.0), np.float64(7153.0), np.float64(5952.0), np.float64(48394.0), np.float64(4896.0), np.float64(76093.0), np.float64(98809.0), np.float64(41566.0), np.float64(69844.0), np.float64(5816.0), np.float64(88125.0), np.float64(8368.0), np.float64(6539.0), np.float64(40815.0), np.float64(74789.0), np.float64(54001.0), np.float64(122890.0), np.float64(63992.0), np.float64(78105.0), np.float64(74530.0), np.float64(3081.0), np.float64(94780.0), np.float64(588.0), np.float64(49649.0), np.float64(72998.0), np.float64(93363.0), np.float64(187031.0), np.float64(6754.0), np.float64(162600.0), np.float64(56171.0), np.float64(118997.0), np.float64(112852.0)]"
306,7,112,"[np.float64(60069.0), np.float64(177765.0), np.float64(168250.0), np.float64(6502.0), np.float64(140016.0), np.float64(1345.0), np.float64(105731.0), np.float64(161634.0), np.float64(5784.0), np.float64(92391.0), np.float64(156726.0), np.float64(85788.0), np.float64(104908.0), np.float64(122884.0), np.float64(183295.0), np.float64(166534.0), np.float64(103688.0), np.float64(159858.0), np.float64(103372.0), np.float64(69406.0), np.float64(45668.0), np.float64(86833.0), np.float64(31685.0), np.float64(104211.0), np.float64(81847.0), np.float64(96588.0), np.float64(45720.0), np.float64(140110.0), np.float64(4720.0), np.float64(68954.0), np.float64(134853.0), np.float64(112852.0), np.float64(4886.0), np.float64(6377.0), np.float64(8961.0), np.float64(115617.0), np.float64(152081.0), np.float64(76093.0), np.float64(50872.0), np.float64(134368.0), np.float64(4306.0), np.float64(56152.0), np.float64(5618.0), np.float64(160080.0), np.float64(58047.0), np.float64(87869.0), np.float64(133419.0), np.float64(111113.0), np.float64(166461.0), np.float64(110771.0), np.float64(31433.0), np.float64(175303.0), np.float64(149334.0), np.float64(157296.0), np.float64(65230.0), np.float64(122918.0), np.float64(80463.0), np.float64(109487.0), np.float64(117590.0), np.float64(97225.0), np.float64(142997.0), np.float64(103335.0), np.float64(167018.0), np.float64(80166.0), np.float64(75805.0), np.float64(97913.0), np.float64(115664.0), np.float64(5957.0), np.float64(121231.0), np.float64(72737.0), np.float64(106696.0), np.float64(98243.0), np.float64(152077.0), np.float64(4700.0), np.float64(2762.0), np.float64(85367.0), np.float64(76293.0), np.float64(60126.0), np.float64(175199.0), np.float64(119141.0), np.float64(135436.0), np.float64(64969.0), np.float64(66203.0), np.float64(5218.0), np.float64(100390.0), np.float64(157312.0), np.float64(84944.0), np.float64(130520.0), np.float64(161580.0), np.float64(88785.0), np.float64(158813.0), np.float64(148956.0), np.float64(164200.0), np.float64(158528.0), np.float64(71535.0), np.float64(111659.0), np.float64(7293.0), np.float64(72998.0), np.float64(27772.0), np.float64(53322.0), np.float64(4963.0), np.float64(122904.0), np.float64(111743.0), np.float64(35836.0), np.float64(8360.0), np.float64(59258.0), np.float64(95543.0), np.float64(63859.0), np.float64(52973.0), np.float64(69644.0), np.float64(136016.0), np.float64(168418.0)]"
567,14,385,"[np.float64(50.0), np.float64(4226.0), np.float64(56782.0), np.float64(122912.0), np.float64(177765.0), np.float64(183897.0), np.float64(176371.0), np.float64(1916.0), np.float64(5673.0), np.float64(40491.0), np.float64(148881.0), np.float64(25771.0), np.float64(99764.0), np.float64(8477.0), np.float64(3266.0), np.float64(7361.0), np.float64(4878.0), np.float64(109374.0), np.float64(71899.0), np.float64(3676.0), np.float64(6818.0), np.float64(153070.0), np.float64(143367.0), np.float64(3671.0), np.float64(27773.0), np.float64(58301.0), np.float64(6214.0), np.float64(112421.0), np.float64(156605.0), np.float64(134170.0), np.float64(4144.0), np.float64(1203.0), np.float64(108932.0), np.float64(2138.0), np.float64(5690.0), np.float64(122882.0), np.float64(50872.0), np.float64(106766.0), np.float64(168252.0), np.float64(7024.0), np.float64(30810.0), np.float64(3424.0), np.float64(122926.0), np.float64(180031.0), np.float64(2731.0), np.float64(164179.0), np.float64(94959.0), np.float64(134853.0), np.float64(5349.0), np.float64(33794.0), np.float64(6377.0), np.float64(174055.0), np.float64(122916.0), np.float64(122906.0), np.float64(180985.0), np.float64(179819.0), np.float64(112852.0), np.float64(3994.0), np.float64(89745.0), np.float64(57502.0), np.float64(58559.0), np.float64(1260.0), np.float64(8335.0), np.float64(2324.0), np.float64(167746.0), np.float64(7301.0), np.float64(4552.0), np.float64(26717.0), np.float64(104875.0), np.float64(117887.0), np.float64(178827.0), np.float64(104944.0), np.float64(1.0), np.float64(3114.0), np.float64(8961.0), np.float64(113705.0), np.float64(74791.0), np.float64(122918.0), np.float64(155288.0), np.float64(63062.0), np.float64(6669.0), np.float64(127298.0), np.float64(112552.0), np.float64(80463.0), np.float64(146656.0), np.float64(32898.0), np.float64(8636.0), np.float64(52722.0), np.float64(110102.0), np.float64(48780.0), np.float64(170945.0), np.float64(1237.0), np.float64(139644.0), np.float64(541.0), np.float64(114627.0), np.float64(99917.0), np.float64(8189.0), np.float64(166705.0), np.float64(119145.0), np.float64(68954.0), np.float64(107406.0), np.float64(51573.0), np.float64(48394.0), np.float64(141866.0), np.float64(116797.0), np.float64(163645.0), np.float64(105504.0), np.float64(26743.0), np.float64(141890.0), np.float64(166291.0), np.float64(135288.0), np.float64(6291.0), np.float64(4993.0), np.float64(5952.0), np.float64(7153.0), np.float64(71745.0), np.float64(111362.0), np.float64(59315.0), np.float64(1653.0), np.float64(122900.0), np.float64(102125.0), np.float64(122922.0), np.float64(138036.0), np.float64(101.0), np.float64(51255.0), np.float64(161634.0), np.float64(1921.0), np.float64(1704.0), np.float64(45880.0), np.float64(96079.0), np.float64(79132.0), np.float64(139385.0), np.float64(152077.0), np.float64(140174.0), np.float64(95558.0), np.float64(70286.0), np.float64(356.0), np.float64(109487.0), np.float64(176419.0), np.float64(117877.0), np.float64(3134.0), np.float64(164909.0), np.float64(134130.0), np.float64(148626.0), np.float64(750.0), np.float64(57504.0), np.float64(106487.0), np.float64(99149.0), np.float64(308.0), np.float64(76093.0), np.float64(103141.0), np.float64(112175.0), np.float64(59784.0), np.float64(87222.0), np.float64(149406.0), np.float64(95105.0), np.float64(166534.0), np.float64(101070.0), np.float64(1219.0), np.float64(142507.0), np.float64(648.0), np.float64(111781.0), np.float64(91630.0), np.float64(142448.0), np.float64(135569.0), np.float64(90866.0), np.float64(63859.0), np.float64(1197.0), np.float64(111759.0), np.float64(72294.0), np.float64(122920.0), np.float64(1198.0), np.float64(82461.0), np.float64(87232.0), np.float64(3793.0), np.float64(6333.0), np.float64(49274.0), np.float64(49647.0), np.float64(34.0), np.float64(364.0), np.float64(166461.0), np.float64(2355.0), np.float64(152081.0), np.float64(7318.0), np.float64(91535.0), np.float64(89774.0), np.float64(102800.0), np.float64(130576.0), np.float64(2792.0), np.float64(8874.0), np.float64(97913.0), np.float64(142488.0), np.float64(64993.0), np.float64(97938.0), np.float64(103042.0), np.float64(65188.0), np.float64(150254.0), np.float64(480.0), np.float64(954.0), np.float64(102903.0), np.float64(78499.0), np.float64(81847.0), np.float64(105468.0), np.float64(109578.0), np.float64(160980.0), np.float64(118702.0), np.float64(151455.0), np.float64(157200.0), np.float64(65261.0), np.float64(260.0), np.float64(1196.0), np.float64(2384.0), np.float64(166643.0), np.float64(5028.0), np.float64(5971.0), np.float64(5618.0), np.float64(102088.0), np.float64(102445.0), np.float64(136602.0), np.float64(106002.0), np.float64(53996.0), np.float64(103772.0), np.float64(45499.0), np.float64(77561.0), np.float64(3157.0), np.float64(673.0), np.float64(95167.0), np.float64(117529.0), np.float64(118700.0), np.float64(95510.0), np.float64(122892.0), np.float64(112623.0), np.float64(5502.0), np.float64(168250.0), np.float64(115617.0), np.float64(168418.0), np.float64(122898.0), np.float64(70015.0), np.float64(1907.0), np.float64(160438.0), np.float64(103384.0), np.float64(1210.0), np.float64(60040.0), np.float64(179749.0), np.float64(114396.0), np.float64(145839.0), np.float64(101362.0), np.float64(91126.0), np.float64(87306.0), np.float64(120799.0), np.float64(108945.0), np.float64(112911.0), np.float64(135436.0), np.float64(110655.0), np.float64(72701.0), np.float64(86059.0), np.float64(108188.0), np.float64(179815.0), np.float64(104337.0), np.float64(2951.0), np.float64(26052.0), np.float64(33493.0), np.float64(144620.0), np.float64(93272.0), np.float64(157296.0), np.float64(2232.0), np.float64(4437.0), np.float64(2081.0), np.float64(112370.0), np.float64(122924.0), np.float64(106072.0), np.float64(152071.0), np.float64(87520.0), np.float64(111364.0), np.float64(97836.0), np.float64(92938.0), np.float64(68319.0), np.float64(86332.0), np.float64(88140.0), np.float64(92234.0), np.float64(135133.0), np.float64(88744.0), np.float64(103249.0), np.float64(101864.0), np.float64(104841.0), np.float64(136864.0), np.float64(135536.0), np.float64(143355.0), np.float64(86882.0), np.float64(159093.0), np.float64(111360.0), np.float64(72998.0), np.float64(136020.0), np.float64(3000.0), np.float64(162606.0), np.float64(68358.0), np.float64(91500.0), np.float64(113378.0), np.float64(118997.0), np.float64(143385.0), np.float64(924.0), np.float64(182823.0), np.float64(34150.0), np.float64(135137.0), np.float64(91079.0), np.float64(166526.0), np.float64(78893.0), np.float64(59615.0), np.float64(93363.0), np.float64(101025.0), np.float64(136016.0), np.float64(69526.0), np.float64(71438.0), np.float64(132335.0), np.float64(51077.0), np.float64(87430.0), np.float64(83349.0), np.float64(110553.0), np.float64(34048.0), np.float64(49389.0), np.float64(114180.0), np.float64(166528.0), np.float64(79091.0), np.float64(1274.0), np.float64(151315.0), np.float64(32892.0), np.float64(108928.0), np.float64(108689.0), np.float64(104076.0), np.float64(88356.0), np.float64(152079.0), np.float64(109569.0), np.float64(134246.0), np.float64(102880.0), np.float64(110730.0), np.float64(71530.0), np.float64(2628.0), np.float64(5378.0), np.float64(156726.0), np.float64(103596.0), np.float64(122246.0), np.float64(92681.0), np.float64(60514.0), np.float64(74530.0), np.float64(104074.0), np.float64(76175.0), np.float64(112290.0), np.float64(6157.0), np.float64(106696.0), np.float64(26171.0), np.float64(106491.0), np.float64(903.0), np.float64(109897.0), np.float64(151687.0), np.float64(82684.0), np.float64(122888.0), np.float64(90890.0), np.float64(6534.0), np.float64(184253.0), np.float64(161582.0), np.float64(3742.0), np.float64(130490.0), np.float64(108190.0), np.float64(117895.0), np.float64(156607.0), np.float64(152063.0), np.float64(141668.0), np.float64(110127.0), np.float64(110603.0), np.float64(103335.0), np.float64(135887.0), np.float64(25782.0), np.float64(82854.0), np.float64(87867.0), np.float64(91094.0), np.float64(179491.0), np.float64(81681.0), np.float64(65802.0), np.float64(45431.0), np.float64(32031.0), np.float64(90647.0), np.float64(101142.0), np.float64(114554.0), np.float64(48982.0), np.float64(60069.0)]"
184,7,134,"[np.float64(27156.0), np.float64(2579.0), np.float64(3793.0), np.float64(4226.0), np.float64(6283.0), np.float64(4896.0), np.float64(5388.0), np.float64(5810.0), np.float64(5995.0), np.float64(5816.0), np.float64(74754.0), np.float64(8807.0), np.float64(33794.0), np.float64(184641.0), np.float64(68959.0), np.float64(103210.0), np.float64(35836.0), np.float64(39292.0), np.float64(159817.0), np.float64(171011.0), np.float64(48780.0), np.float64(70533.0), np.float64(57183.0), np.float64(59022.0), np.float64(59315.0), np.float64(60040.0), np.float64(58559.0), np.float64(84187.0), np.float64(193565.0), np.float64(77561.0), np.float64(79132.0), np.float64(81845.0), np.float64(80463.0), np.float64(84152.0), np.float64(86332.0), np.float64(87483.0), np.float64(88140.0), np.float64(89745.0), np.float64(94677.0), np.float64(91529.0), np.float64(97304.0), np.float64(106873.0), np.float64(148978.0), np.float64(102125.0), np.float64(162982.0), np.float64(102123.0), np.float64(103042.0), np.float64(158035.0), np.float64(104303.0), np.float64(109848.0), np.float64(193567.0), np.float64(105653.0), np.float64(106920.0), np.float64(106072.0), np.float64(106782.0), np.float64(112552.0), np.float64(112290.0), np.float64(109578.0), np.float64(108932.0), np.float64(109374.0), np.float64(193571.0), np.float64(110102.0), np.float64(112852.0), np.float64(114935.0), np.float64(116797.0), np.float64(114180.0), np.float64(109487.0), np.float64(114662.0), np.float64(117887.0), np.float64(119145.0), np.float64(174479.0), np.float64(127152.0), np.float64(127212.0), np.float64(122892.0), np.float64(193573.0), np.float64(122900.0), np.float64(193579.0), np.float64(142488.0), np.float64(136562.0), np.float64(117895.0), np.float64(157369.0), np.float64(148626.0), np.float64(162968.0), np.float64(136864.0), np.float64(122920.0), np.float64(170907.0), np.float64(172705.0), np.float64(163134.0), np.float64(161594.0), np.float64(135536.0), np.float64(168090.0), np.float64(165639.0), np.float64(164179.0), np.float64(163645.0), np.float64(157699.0), np.float64(166291.0), np.float64(164917.0), np.float64(165635.0), np.float64(122922.0), np.float64(168218.0), np.float64(173235.0), np.float64(193581.0), np.float64(168250.0), np.float64(177285.0), np.float64(171763.0), np.float64(180297.0), np.float64(177939.0), np.float64(122918.0), np.float64(183911.0), np.float64(170813.0), np.float64(143355.0), np.float64(175585.0), np.float64(122926.0), np.float64(174055.0), np.float64(191005.0), np.float64(193583.0), np.float64(175475.0), np.float64(178111.0), np.float64(175485.0), np.float64(176101.0), np.float64(176371.0), np.float64(122916.0), np.float64(181413.0), np.float64(122898.0), np.float64(193585.0), np.float64(178827.0), np.float64(180987.0), np.float64(179401.0), np.float64(180985.0), np.float64(180497.0), np.float64(122906.0), np.float64(193587.0), np.float64(122912.0), np.float64(189333.0)]"
62,37,366,"[np.float64(318.0), np.float64(858.0), np.float64(527.0), np.float64(593.0), np.float64(2959.0), np.float64(1221.0), np.float64(296.0), np.float64(4993.0), np.float64(7153.0), np.float64(5952.0), np.float64(4306.0), np.float64(6539.0), np.float64(4973.0), np.float64(176371.0), np.float64(1196.0), np.float64(1210.0), np.float64(79132.0), np.float64(122886.0), np.float64(1089.0), np.float64(91529.0), np.float64(116797.0), np.float64(74458.0), np.float64(112556.0), np.float64(109487.0), np.float64(81845.0), np.float64(48780.0), np.float64(106782.0), np.float64(48516.0), np.float64(99114.0), np.float64(84152.0), np.float64(58559.0), np.float64(112552.0), np.float64(1193.0), np.float64(1732.0), np.float64(5995.0), np.float64(4878.0), np.float64(68157.0), np.float64(7361.0), np.float64(778.0), np.float64(44191.0), np.float64(3949.0), np.float64(260.0), np.float64(4011.0), np.float64(293.0), np.float64(89745.0), np.float64(69122.0), np.float64(73017.0), np.float64(122918.0), np.float64(72998.0), np.float64(68954.0), np.float64(5618.0), np.float64(96821.0), np.float64(122916.0), np.float64(8914.0), np.float64(114935.0), np.float64(164179.0), np.float64(115713.0), np.float64(1653.0), np.float64(85414.0), np.float64(96610.0), np.float64(7254.0), np.float64(74228.0), np.float64(8950.0), np.float64(47.0), np.float64(115569.0), np.float64(108729.0), np.float64(55820.0), np.float64(6874.0), np.float64(33794.0), np.float64(7438.0), np.float64(6365.0), np.float64(32587.0), np.float64(8368.0), np.float64(2571.0), np.float64(4262.0), np.float64(48394.0), np.float64(49272.0), np.float64(89492.0), np.float64(2011.0), np.float64(117176.0), np.float64(111759.0), np.float64(3578.0), np.float64(47610.0), np.float64(112852.0), np.float64(2028.0), np.float64(5903.0), np.float64(88125.0), np.float64(47099.0), np.float64(97938.0), np.float64(5502.0), np.float64(109374.0), np.float64(69844.0), np.float64(89864.0), np.float64(5630.0), np.float64(54997.0), np.float64(54001.0), np.float64(96079.0), np.float64(40815.0), np.float64(59315.0), np.float64(5254.0), np.float64(97921.0), np.float64(98809.0), np.float64(7143.0), np.float64(1682.0), np.float64(56587.0), np.float64(4963.0), np.float64(5445.0), np.float64(33660.0), np.float64(91542.0), np.float64(111362.0), np.float64(3147.0), np.float64(87232.0), np.float64(135143.0), np.float64(88163.0), np.float64(8529.0), np.float64(91658.0), np.float64(4896.0), np.float64(102903.0), np.float64(64957.0), np.float64(128360.0), np.float64(1610.0), np.float64(51662.0), np.float64(139385.0), np.float64(586.0), np.float64(8961.0), np.float64(122904.0), np.float64(110102.0), np.float64(107406.0), np.float64(56174.0), np.float64(53322.0), np.float64(166528.0), np.float64(122920.0), np.float64(168252.0), np.float64(122922.0), np.float64(115149.0), np.float64(64969.0), np.float64(31696.0), np.float64(8984.0), np.float64(53125.0), np.float64(166534.0), np.float64(63113.0), np.float64(143355.0), np.float64(33493.0), np.float64(91500.0), np.float64(136020.0), np.float64(68554.0), np.float64(122926.0), np.float64(6934.0), np.float64(56775.0), np.float64(94864.0), np.float64(106487.0), np.float64(104211.0), np.float64(122892.0), np.float64(175303.0), np.float64(60072.0), np.float64(135569.0), np.float64(114662.0), np.float64(161131.0), np.float64(88140.0), np.float64(94777.0), np.float64(116823.0), np.float64(5349.0), np.float64(5989.0), np.float64(60069.0), np.float64(3948.0), np.float64(5378.0), np.float64(5816.0), np.float64(8636.0), np.float64(122900.0), np.float64(6373.0), np.float64(86332.0), np.float64(166635.0), np.float64(111659.0), np.float64(41569.0), np.float64(45722.0), np.float64(48385.0), np.float64(81834.0), np.float64(41566.0), np.float64(122882.0), np.float64(69757.0), np.float64(4270.0), np.float64(77561.0), np.float64(7458.0), np.float64(4367.0), np.float64(36529.0), np.float64(8972.0), np.float64(8641.0), np.float64(52722.0), np.float64(106489.0), np.float64(102125.0), np.float64(1198.0), np.float64(168250.0), np.float64(150548.0), np.float64(3994.0), np.float64(110.0), np.float64(356.0), np.float64(1270.0), np.float64(1580.0), np.float64(344.0), np.float64(1721.0), np.float64(1097.0), np.float64(2628.0), np.float64(4995.0), np.float64(1246.0), np.float64(2115.0), np.float64(2012.0), np.float64(2617.0), np.float64(8360.0), np.float64(1203.0), np.float64(5459.0), np.float64(6863.0), np.float64(3000.0), np.float64(33679.0), np.float64(30793.0), np.float64(54503.0), np.float64(60684.0), np.float64(3752.0), np.float64(7293.0), np.float64(4148.0), np.float64(52604.0), np.float64(3252.0), np.float64(182715.0), np.float64(56757.0), np.float64(106918.0), np.float64(114678.0), np.float64(3969.0), np.float64(48043.0), np.float64(55908.0), np.float64(115680.0), np.float64(112804.0), np.float64(113741.0), np.float64(72011.0), np.float64(1645.0), np.float64(68237.0), np.float64(158238.0), np.float64(6.0), np.float64(103341.0), np.float64(71106.0), np.float64(50804.0), np.float64(80693.0), np.float64(115210.0), np.float64(162606.0), np.float64(140110.0), np.float64(90866.0), np.float64(51086.0), np.float64(2329.0), np.float64(51540.0), np.float64(101864.0), np.float64(63072.0), np.float64(3977.0), np.float64(79702.0), np.float64(67734.0), np.float64(49649.0), np.float64(128512.0), np.float64(159093.0), np.float64(122896.0), np.float64(179819.0), np.float64(175661.0), np.float64(173925.0), np.float64(122898.0), np.float64(170827.0), np.float64(171763.0), np.float64(168248.0), np.float64(142222.0), np.float64(137857.0), np.float64(2762.0), np.float64(1291.0), np.float64(118696.0), np.float64(1961.0), np.float64(74789.0), np.float64(1704.0), np.float64(104374.0), np.float64(81564.0), np.float64(86880.0), np.float64(82461.0), np.float64(106072.0), np.float64(106002.0), np.float64(86911.0), np.float64(78105.0), np.float64(103772.0), np.float64(96829.0), np.float64(78772.0), np.float64(87520.0), np.float64(102123.0), np.float64(99149.0), np.float64(111360.0), np.float64(68319.0), np.float64(45499.0), np.float64(6333.0), np.float64(3793.0), np.float64(104879.0), np.float64(122924.0), np.float64(37733.0), np.float64(4223.0), np.float64(83369.0), np.float64(60040.0), np.float64(58803.0), np.float64(7373.0), np.float64(45517.0), np.float64(60074.0), np.float64(6534.0), np.float64(34150.0), np.float64(6541.0), np.float64(8371.0), np.float64(46723.0), np.float64(46972.0), np.float64(6564.0), np.float64(53121.0), np.float64(114180.0), np.float64(27660.0), np.float64(33162.0), np.float64(53464.0), np.float64(108190.0), np.float64(88405.0), np.float64(27808.0), np.float64(6058.0), np.float64(135536.0), np.float64(119141.0), np.float64(87430.0), np.float64(136864.0), np.float64(103042.0), np.float64(410.0), np.float64(2023.0), np.float64(2124.0), np.float64(2953.0), np.float64(3114.0), np.float64(45447.0), np.float64(174053.0), np.float64(172591.0), np.float64(135133.0), np.float64(59501.0), np.float64(176601.0), np.float64(185135.0), np.float64(31658.0), np.float64(185031.0), np.float64(122912.0), np.float64(158966.0), np.float64(79357.0), np.float64(183611.0), np.float64(27706.0), np.float64(49130.0), np.float64(60126.0), np.float64(187593.0), np.float64(68848.0), np.float64(184471.0), np.float64(116897.0), np.float64(2.0), np.float64(104863.0), np.float64(58047.0), np.float64(61024.0), np.float64(63992.0), np.float64(60756.0), np.float64(179401.0), np.float64(187595.0), np.float64(107348.0), np.float64(96861.0), np.float64(71535.0), np.float64(37729.0), np.float64(5388.0), np.float64(135518.0), np.float64(111743.0), np.float64(27831.0), np.float64(38061.0), np.float64(1265.0), np.float64(46976.0), np.float64(49530.0)]"
329,5,23,"[np.float64(1292.0), np.float64(4789.0), np.float64(1258.0), np.float64(1958.0), np.float64(130482.0), np.float64(1884.0), np.float64(1237.0), np.float64(136850.0), np.float64(1193.0), np.float64(318.0), np.float64(858.0), np.float64(50.0), np.float64(593.0), np.float64(750.0), np.float64(1252.0), np.float64(1732.0), np.float64(1136.0), np.float64(778.0), np.float64(1206.0), np.float64(1080.0), np.float64(4262.0), np.float64(1219.0), np.float64(1201.0)]"
586,22,208,"[np.float64(260.0), np.float64(1196.0), np.float64(1198.0), np.float64(1210.0), np.float64(122918.0), np.float64(1291.0), np.float64(5952.0), np.float64(2353.0), np.float64(3753.0), np.float64(2006.0), np.float64(177765.0), np.float64(122912.0), np.float64(176371.0), np.float64(187593.0), np.float64(122916.0), np.float64(3147.0), np.float64(318.0), np.float64(112852.0), np.float64(8665.0), np.float64(858.0), np.float64(1221.0), np.float64(7143.0), np.float64(527.0), np.float64(5418.0), np.float64(122904.0), np.float64(7153.0), np.float64(8644.0), np.float64(2762.0), np.float64(4963.0), np.float64(4993.0), np.float64(166528.0), np.float64(3578.0), np.float64(58559.0), np.float64(89745.0), np.float64(2028.0), np.float64(166461.0), np.float64(91529.0), np.float64(122922.0), np.float64(2571.0), np.float64(122886.0), np.float64(54001.0), np.float64(122920.0), np.float64(122926.0), np.float64(134130.0), np.float64(832.0), np.float64(103335.0), np.float64(98809.0), np.float64(76093.0), np.float64(168252.0), np.float64(95167.0), np.float64(2490.0), np.float64(106696.0), np.float64(103141.0), np.float64(68157.0), np.float64(72737.0), np.float64(122906.0), np.float64(110102.0), np.float64(111362.0), np.float64(135133.0), np.float64(97225.0), np.float64(2058.0), np.float64(173145.0), np.float64(33794.0), np.float64(79091.0), np.float64(1645.0), np.float64(87222.0), np.float64(52287.0), np.float64(102125.0), np.float64(5400.0), np.float64(98243.0), np.float64(106487.0), np.float64(118696.0), np.float64(8368.0), np.float64(4886.0), np.float64(167036.0), np.float64(179819.0), np.float64(135569.0), np.float64(102445.0), np.float64(91630.0), np.float64(71264.0), np.float64(111659.0), np.float64(187595.0), np.float64(6539.0), np.float64(122900.0), np.float64(33615.0), np.float64(101142.0), np.float64(160438.0), np.float64(96079.0), np.float64(91500.0), np.float64(122896.0), np.float64(81845.0), np.float64(45431.0), np.float64(62999.0), np.float64(1265.0), np.float64(69644.0), np.float64(117851.0), np.float64(41566.0), np.float64(54286.0), np.float64(65682.0), np.float64(135436.0), np.float64(1270.0), np.float64(5882.0), np.float64(47610.0), np.float64(173291.0), np.float64(116823.0), np.float64(111781.0), np.float64(59369.0), np.float64(67408.0), np.float64(130520.0), np.float64(110.0), np.float64(86880.0), np.float64(6333.0), np.float64(589.0), np.float64(3114.0), np.float64(136556.0), np.float64(74458.0), np.float64(3793.0), np.float64(42738.0), np.float64(77561.0), np.float64(2268.0), np.float64(82169.0), np.float64(733.0), np.float64(539.0), np.float64(72998.0), np.float64(1610.0), np.float64(120635.0), np.float64(59501.0), np.float64(1374.0), np.float64(5445.0), np.float64(95510.0), np.float64(168418.0), np.float64(1580.0), np.float64(45499.0), np.float64(1356.0), np.float64(4958.0), np.float64(120799.0), np.float64(380.0), np.float64(2011.0), np.float64(93272.0), np.float64(1704.0), np.float64(316.0), np.float64(161.0), np.float64(33493.0), np.float64(106002.0), np.float64(54648.0), np.float64(1376.0), np.float64(2640.0), np.float64(6156.0), np.float64(100611.0), np.float64(6365.0), np.float64(1597.0), np.float64(1097.0), np.float64(87876.0), np.float64(6373.0), np.float64(58105.0), np.float64(1485.0), np.float64(440.0), np.float64(34332.0), np.float64(5459.0), np.float64(110130.0), np.float64(2.0), np.float64(3448.0), np.float64(339.0), np.float64(587.0), np.float64(5944.0), np.float64(2393.0), np.float64(368.0), np.float64(1784.0), np.float64(786.0), np.float64(1833.0), np.float64(3986.0), np.float64(185.0), np.float64(168.0), np.float64(1073.0), np.float64(3081.0), np.float64(4489.0), np.float64(152081.0), np.float64(134853.0), np.float64(60069.0), np.float64(166643.0), np.float64(50872.0), np.float64(68954.0), np.float64(81847.0), np.float64(78499.0), np.float64(162606.0), np.float64(59784.0), np.float64(108932.0), np.float64(59315.0), np.float64(149406.0), np.float64(94985.0), np.float64(106489.0), np.float64(3175.0), np.float64(45517.0), np.float64(457.0), np.float64(4016.0), np.float64(63859.0), np.float64(1200.0), np.float64(101362.0), np.float64(122924.0), np.float64(84944.0), np.float64(96861.0), np.float64(122890.0), np.float64(86298.0), np.float64(27619.0), np.float64(588.0), np.float64(2916.0), np.float64(553.0), np.float64(79139.0)]"
459,4,26,"[np.float64(79132.0), np.float64(2571.0), np.float64(97913.0), np.float64(95510.0), np.float64(177765.0), np.float64(68954.0), np.float64(260.0), np.float64(4022.0), np.float64(72998.0), np.float64(122922.0), np.float64(6377.0), np.float64(4886.0), np.float64(3793.0), np.float64(5349.0), np.float64(3996.0), np.float64(8961.0), np.float64(5618.0), np.float64(8368.0), np.float64(5816.0), np.float64(48780.0), np.float64(68157.0), np.float64(8636.0), np.float64(3751.0), np.float64(99114.0), np.float64(50872.0), np.float64(74458.0)]"
331,10,168,"[np.float64(318.0), np.float64(858.0), np.float64(50.0), np.float64(2959.0), np.float64(593.0), np.float64(296.0), np.float64(293.0), np.float64(34.0), np.float64(10.0), np.float64(177765.0), np.float64(183897.0), np.float64(193609.0), np.float64(4993.0), np.float64(7153.0), np.float64(5952.0), np.float64(3578.0), np.float64(4306.0), np.float64(58559.0), np.float64(79132.0), np.float64(6539.0), np.float64(4973.0), np.float64(4886.0), np.float64(6377.0), np.float64(3793.0), np.float64(6874.0), np.float64(7361.0), np.float64(4995.0), np.float64(4963.0), np.float64(5349.0), np.float64(33794.0), np.float64(8961.0), np.float64(5418.0), np.float64(7438.0), np.float64(3897.0), np.float64(8636.0), np.float64(3948.0), np.float64(54286.0), np.float64(6711.0), np.float64(8360.0), np.float64(6016.0), np.float64(49272.0), np.float64(8665.0), np.float64(3623.0), np.float64(3751.0), np.float64(3977.0), np.float64(48394.0), np.float64(99114.0), np.float64(46578.0), np.float64(8874.0), np.float64(4034.0), np.float64(50872.0), np.float64(91529.0), np.float64(68358.0), np.float64(7143.0), np.float64(7254.0), np.float64(134130.0), np.float64(116797.0), np.float64(6373.0), np.float64(112852.0), np.float64(48774.0), np.float64(35836.0), np.float64(30707.0), np.float64(5669.0), np.float64(73017.0), np.float64(78499.0), np.float64(6863.0), np.float64(106782.0), np.float64(5502.0), np.float64(51255.0), np.float64(56174.0), np.float64(54001.0), np.float64(4447.0), np.float64(33679.0), np.float64(88125.0), np.float64(122904.0), np.float64(54503.0), np.float64(122882.0), np.float64(3535.0), np.float64(30793.0), np.float64(49530.0), np.float64(3717.0), np.float64(112556.0), np.float64(4018.0), np.float64(3911.0), np.float64(69757.0), np.float64(6537.0), np.float64(30749.0), np.float64(109374.0), np.float64(8784.0), np.float64(115713.0), np.float64(59369.0), np.float64(34162.0), np.float64(3752.0), np.float64(4816.0), np.float64(8361.0), np.float64(34048.0), np.float64(7458.0), np.float64(5956.0), np.float64(112552.0), np.float64(64957.0), np.float64(4367.0), np.float64(3863.0), np.float64(96079.0), np.float64(8529.0), np.float64(56782.0), np.float64(33004.0), np.float64(36529.0), np.float64(84152.0), np.float64(4638.0), np.float64(96610.0), np.float64(4223.0), np.float64(106920.0), np.float64(4239.0), np.float64(7373.0), np.float64(40819.0), np.float64(8957.0), np.float64(54272.0), np.float64(119145.0), np.float64(97921.0), np.float64(8533.0), np.float64(164179.0), np.float64(4016.0), np.float64(52973.0), np.float64(88129.0), np.float64(88140.0), np.float64(31696.0), np.float64(39183.0), np.float64(91658.0), np.float64(45517.0), np.float64(102125.0), np.float64(4446.0), np.float64(106489.0), np.float64(7445.0), np.float64(61323.0), np.float64(6936.0), np.float64(55765.0), np.float64(53322.0), np.float64(37729.0), np.float64(6281.0), np.float64(94959.0), np.float64(34319.0), np.float64(94864.0), np.float64(6534.0), np.float64(3969.0), np.float64(30825.0), np.float64(8783.0), np.float64(5444.0), np.float64(63113.0), np.float64(6157.0), np.float64(61132.0), np.float64(54997.0), np.float64(53972.0), np.float64(74789.0), np.float64(6754.0), np.float64(33615.0), np.float64(54259.0), np.float64(106696.0), np.float64(6541.0), np.float64(56757.0), np.float64(1136.0), np.float64(1213.0), np.float64(608.0), np.float64(55820.0), np.float64(57669.0), np.float64(1391.0), np.float64(1676.0), np.float64(2712.0), np.float64(187593.0)]"
205,7,27,"[np.float64(3033.0), np.float64(260.0), np.float64(356.0), np.float64(96079.0), np.float64(77561.0), np.float64(7153.0), np.float64(68157.0), np.float64(912.0), np.float64(6874.0), np.float64(1028.0), np.float64(4896.0), np.float64(5816.0), np.float64(54001.0), np.float64(69844.0), np.float64(40815.0), np.float64(81834.0), np.float64(88125.0), np.float64(8368.0), np.float64(179817.0), np.float64(81845.0), np.float64(104913.0), np.float64(95167.0), np.float64(99114.0), np.float64(91542.0), np.float64(71462.0), np.float64(1035.0), np.float64(1222.0)]"
77,11,29,"[np.float64(260.0), np.float64(1196.0), np.float64(1198.0), np.float64(2571.0), np.float64(1210.0), np.float64(7153.0), np.float64(5952.0), np.float64(4993.0), np.float64(3578.0), np.float64(58559.0), np.float64(4226.0), np.float64(79132.0), np.float64(6539.0), np.float64(4973.0), np.float64(7361.0), np.float64(5349.0), np.float64(33794.0), np.float64(8961.0), np.float64(3996.0), np.float64(5418.0), np.float64(7438.0), np.float64(5989.0), np.float64(4878.0), np.float64(5816.0), np.float64(109487.0), np.float64(5378.0), np.float64(8636.0), np.float64(3948.0), np.float64(54286.0)]"
209,11,35,"[np.float64(318.0), np.float64(356.0), np.float64(1704.0), np.float64(2028.0), np.float64(593.0), np.float64(185029.0), np.float64(140956.0), np.float64(177593.0), np.float64(4993.0), np.float64(7153.0), np.float64(5952.0), np.float64(68157.0), np.float64(2571.0), np.float64(81562.0), np.float64(60684.0), np.float64(79132.0), np.float64(57669.0), np.float64(68954.0), np.float64(74458.0), np.float64(2762.0), np.float64(3578.0), np.float64(2858.0), np.float64(2628.0), np.float64(1721.0), np.float64(2959.0), np.float64(1198.0), np.float64(64614.0), np.float64(92259.0), np.float64(96079.0), np.float64(51255.0), np.float64(4011.0), np.float64(71535.0), np.float64(1291.0), np.float64(122886.0), np.float64(88125.0)]"
338,7,39,"[np.float64(858.0), np.float64(318.0), np.float64(50.0), np.float64(593.0), np.float64(296.0), np.float64(30793.0), np.float64(189111.0), np.float64(1221.0), np.float64(34405.0), np.float64(30749.0), np.float64(8784.0), np.float64(27773.0), np.float64(177765.0), np.float64(122912.0), np.float64(176371.0), np.float64(187541.0), np.float64(527.0), np.float64(2959.0), np.float64(174053.0), np.float64(1203.0), np.float64(170705.0), np.float64(189043.0), np.float64(7153.0), np.float64(5952.0), np.float64(6874.0), np.float64(5349.0), np.float64(5445.0), np.float64(177593.0), np.float64(183897.0), np.float64(187593.0), np.float64(122916.0), np.float64(175569.0), np.float64(185029.0), np.float64(190221.0), np.float64(190219.0), np.float64(190215.0), np.float64(190213.0), np.float64(190207.0), np.float64(190209.0)]"
596,31,411,"[np.float64(1196.0), np.float64(260.0), np.float64(1210.0), np.float64(168252.0), np.float64(1197.0), np.float64(58559.0), np.float64(79132.0), np.float64(59315.0), np.float64(68954.0), np.float64(68157.0), np.float64(122912.0), np.float64(1198.0), np.float64(4993.0), np.float64(7153.0), np.float64(122918.0), np.float64(166528.0), np.float64(135143.0), np.float64(122916.0), np.float64(119145.0), np.float64(102903.0), np.float64(96821.0), np.float64(116823.0), np.float64(95167.0), np.float64(3578.0), np.float64(4306.0), np.float64(4226.0), np.float64(5952.0), np.float64(6539.0), np.float64(4973.0), np.float64(4886.0), np.float64(6377.0), np.float64(3793.0), np.float64(6874.0), np.float64(7361.0), np.float64(4995.0), np.float64(4963.0), np.float64(5445.0), np.float64(5349.0), np.float64(33794.0), np.float64(8961.0), np.float64(3996.0), np.float64(5418.0), np.float64(7438.0), np.float64(5989.0), np.float64(4878.0), np.float64(60069.0), np.float64(4896.0), np.float64(8665.0), np.float64(3623.0), np.float64(3751.0), np.float64(3977.0), np.float64(3408.0), np.float64(8874.0), np.float64(91529.0), np.float64(33493.0), np.float64(40815.0), np.float64(5218.0), np.float64(6934.0), np.float64(74458.0), np.float64(70286.0), np.float64(4308.0), np.float64(112852.0), np.float64(30707.0), np.float64(5459.0), np.float64(4370.0), np.float64(81845.0), np.float64(73017.0), np.float64(78499.0), np.float64(6863.0), np.float64(5502.0), np.float64(51255.0), np.float64(54001.0), np.float64(6942.0), np.float64(69844.0), np.float64(80463.0), np.float64(4720.0), np.float64(122882.0), np.float64(3717.0), np.float64(30793.0), np.float64(49530.0), np.float64(4018.0), np.float64(122886.0), np.float64(34405.0), np.float64(3785.0), np.float64(6537.0), np.float64(6870.0), np.float64(4310.0), np.float64(60684.0), np.float64(111759.0), np.float64(5481.0), np.float64(76251.0), np.float64(7293.0), np.float64(45499.0), np.float64(87232.0), np.float64(8361.0), np.float64(5903.0), np.float64(7458.0), np.float64(5956.0), np.float64(64957.0), np.float64(3624.0), np.float64(98809.0), np.float64(31658.0), np.float64(115617.0), np.float64(57669.0), np.float64(5464.0), np.float64(5618.0), np.float64(122906.0), np.float64(3000.0), np.float64(179819.0), np.float64(5971.0), np.float64(4022.0), np.float64(44191.0), np.float64(72998.0), np.float64(4027.0), np.float64(6365.0), np.float64(32587.0), np.float64(6350.0), np.float64(122926.0), np.float64(143355.0), np.float64(38061.0), np.float64(122904.0), np.float64(179401.0), np.float64(96588.0), np.float64(168366.0), np.float64(6502.0), np.float64(50.0), np.float64(134130.0), np.float64(122922.0), np.float64(188301.0), np.float64(109487.0), np.float64(2959.0), np.float64(2692.0), np.float64(2571.0), np.float64(152081.0), np.float64(134853.0), np.float64(150548.0), np.float64(142488.0), np.float64(122920.0), np.float64(593.0), np.float64(115149.0), np.float64(858.0), np.float64(183635.0), np.float64(96737.0), np.float64(2762.0), np.float64(176101.0), np.float64(1136.0), np.float64(3275.0), np.float64(135569.0), np.float64(48780.0), np.float64(66097.0), np.float64(1907.0), np.float64(1214.0), np.float64(356.0), np.float64(1.0), np.float64(1200.0), np.float64(162350.0), np.float64(4979.0), np.float64(110102.0), np.float64(1356.0), np.float64(108932.0), np.float64(589.0), np.float64(79091.0), np.float64(122900.0), np.float64(1291.0), np.float64(1375.0), np.float64(88125.0), np.float64(61323.0), np.float64(89745.0), np.float64(595.0), np.float64(1270.0), np.float64(169984.0), np.float64(160438.0), np.float64(79702.0), np.float64(138036.0), np.float64(1221.0), np.float64(32.0), np.float64(364.0), np.float64(3114.0), np.float64(96079.0), np.float64(86332.0), np.float64(77561.0), np.float64(122892.0), np.float64(102125.0), np.float64(68319.0), np.float64(88140.0), np.float64(8636.0), np.float64(6333.0), np.float64(3994.0), np.float64(111362.0), np.float64(95510.0), np.float64(106072.0), np.float64(103042.0), np.float64(60040.0), np.float64(7373.0), np.float64(592.0), np.float64(34150.0), np.float64(52722.0), np.float64(103772.0), np.float64(136864.0), np.float64(6157.0), np.float64(1377.0), np.float64(46530.0), np.float64(153.0), np.float64(110553.0), np.float64(122924.0), np.float64(2640.0), np.float64(53464.0), np.float64(1562.0), np.float64(2641.0), np.float64(31221.0), np.float64(81564.0), np.float64(6534.0), np.float64(66934.0), np.float64(8666.0), np.float64(2985.0), np.float64(122902.0), np.float64(34332.0), np.float64(122898.0), np.float64(92938.0), np.float64(2723.0), np.float64(367.0), np.float64(135536.0), np.float64(3213.0), np.float64(2642.0), np.float64(167746.0), np.float64(6541.0), np.float64(2643.0), np.float64(141131.0), np.float64(2094.0), np.float64(51077.0), np.float64(5254.0), np.float64(3438.0), np.float64(3440.0), np.float64(2167.0), np.float64(8371.0), np.float64(83349.0), np.float64(168026.0), np.float64(129397.0), np.float64(163639.0), np.float64(176051.0), np.float64(165639.0), np.float64(533.0), np.float64(107406.0), np.float64(139644.0), np.float64(1035.0), np.float64(919.0), np.float64(1372.0), np.float64(76093.0), np.float64(1028.0), np.float64(1376.0), np.float64(97913.0), np.float64(68358.0), np.float64(1307.0), np.float64(90746.0), np.float64(96281.0), np.float64(541.0), np.float64(527.0), np.float64(1374.0), np.float64(1688.0), np.float64(616.0), np.float64(4366.0), np.float64(2687.0), np.float64(457.0), np.float64(71057.0), np.float64(2791.0), np.float64(59784.0), np.float64(102445.0), np.float64(1968.0), np.float64(2081.0), np.float64(2407.0), np.float64(27611.0), np.float64(97752.0), np.float64(71535.0), np.float64(81834.0), np.float64(106696.0), np.float64(1097.0), np.float64(1961.0), np.float64(2918.0), np.float64(80549.0), np.float64(1036.0), np.float64(98243.0), np.float64(5444.0), np.float64(329.0), np.float64(1275.0), np.float64(111921.0), np.float64(71838.0), np.float64(85414.0), np.float64(34.0), np.float64(54286.0), np.float64(150.0), np.float64(1527.0), np.float64(82459.0), np.float64(1653.0), np.float64(149406.0), np.float64(1265.0), np.float64(3147.0), np.float64(1302.0), np.float64(904.0), np.float64(91542.0), np.float64(3052.0), np.float64(162600.0), np.float64(37729.0), np.float64(177763.0), np.float64(924.0), np.float64(93510.0), np.float64(1610.0), np.float64(111781.0), np.float64(98124.0), np.float64(125974.0), np.float64(49272.0), np.float64(1704.0), np.float64(39.0), np.float64(5991.0), np.float64(2288.0), np.float64(802.0), np.float64(43928.0), np.float64(99149.0), np.float64(30816.0), np.float64(141749.0), np.float64(1192.0), np.float64(114028.0), np.float64(184997.0), np.float64(59549.0), np.float64(3786.0), np.float64(63876.0), np.float64(345.0), np.float64(92954.0), np.float64(4342.0), np.float64(508.0), np.float64(133645.0), np.float64(1614.0), np.float64(43744.0), np.float64(40826.0), np.float64(128908.0), np.float64(32300.0), np.float64(151557.0), np.float64(55844.0), np.float64(69495.0), np.float64(141.0), np.float64(33649.0), np.float64(2774.0), np.float64(79798.0), np.float64(42004.0), np.float64(87304.0), np.float64(111913.0), np.float64(27246.0), np.float64(178615.0), np.float64(68835.0), np.float64(581.0), np.float64(182793.0), np.float64(3094.0), np.float64(27020.0), np.float64(40870.0), np.float64(45175.0), np.float64(1046.0), np.float64(7260.0), np.float64(40955.0), np.float64(5963.0), np.float64(111800.0), np.float64(70637.0), np.float64(6769.0), np.float64(79242.0), np.float64(39183.0), np.float64(120919.0), np.float64(181719.0), np.float64(171917.0), np.float64(32799.0), np.float64(113280.0), np.float64(59667.0), np.float64(7615.0), np.float64(132454.0), np.float64(1722.0), np.float64(2424.0), np.float64(1876.0), np.float64(1909.0), np.float64(2890.0), np.float64(4014.0), np.float64(1690.0), np.float64(1748.0), np.float64(4025.0), np.float64(2701.0), np.float64(3755.0), np.float64(2294.0), np.float64(3535.0), np.float64(1466.0), np.float64(1569.0), np.float64(3967.0), np.float64(2393.0), np.float64(3300.0), np.float64(1882.0), np.float64(1513.0), np.float64(1479.0), np.float64(1644.0), np.float64(2501.0), np.float64(1805.0), np.float64(2826.0), np.float64(1831.0), np.float64(1911.0), np.float64(3301.0), np.float64(1912.0), np.float64(3285.0), np.float64(1438.0), np.float64(2485.0), np.float64(1801.0), np.float64(2125.0), np.float64(1499.0), np.float64(2428.0), np.float64(2340.0), np.float64(4015.0), np.float64(1835.0), np.float64(2384.0)]"
89,5,518,"[np.float64(750.0), np.float64(2324.0), np.float64(92259.0), np.float64(1136.0), np.float64(1197.0), np.float64(4973.0), np.float64(1234.0), np.float64(1148.0), np.float64(898.0), np.float64(950.0), np.float64(905.0), np.float64(356.0), np.float64(3462.0), np.float64(745.0), np.float64(3307.0), np.float64(116897.0), np.float64(951.0), np.float64(127052.0), np.float64(177765.0), np.float64(910.0), np.float64(2997.0), np.float64(899.0), np.float64(1288.0), np.float64(1394.0), np.float64(1080.0), np.float64(916.0), np.float64(4014.0), np.float64(1269.0), np.float64(2716.0), np.float64(2918.0), np.float64(3114.0), np.float64(911.0), np.float64(954.0), np.float64(915.0), np.float64(909.0), np.float64(1079.0), np.float64(1580.0), np.float64(38038.0), np.float64(955.0), np.float64(1270.0), np.float64(4306.0), np.float64(3751.0), np.float64(1.0), np.float64(2395.0), np.float64(1223.0), np.float64(902.0), np.float64(56367.0), np.float64(3088.0), np.float64(6863.0), np.float64(2936.0), np.float64(44022.0), np.float64(6650.0), np.float64(946.0), np.float64(2935.0), np.float64(4979.0), np.float64(1682.0), np.float64(3022.0), np.float64(2599.0), np.float64(588.0), np.float64(3097.0), np.float64(3481.0), np.float64(46578.0), np.float64(936.0), np.float64(945.0), np.float64(2791.0), np.float64(947.0), np.float64(1256.0), np.float64(1278.0), np.float64(1265.0), np.float64(1307.0), np.float64(3948.0), np.float64(2987.0), np.float64(3977.0), np.float64(1732.0), np.float64(4246.0), np.float64(7325.0), np.float64(6218.0), np.float64(7293.0), np.float64(2424.0), np.float64(31685.0), np.float64(5449.0), np.float64(2706.0), np.float64(45517.0), np.float64(59784.0), np.float64(4447.0), np.float64(4890.0), np.float64(30793.0), np.float64(3624.0), np.float64(95167.0), np.float64(6287.0), np.float64(918.0), np.float64(6783.0), np.float64(33679.0), np.float64(4701.0), np.float64(788.0), np.float64(901.0), np.float64(3785.0), np.float64(11.0), np.float64(357.0), np.float64(4023.0), np.float64(6942.0), np.float64(2059.0), np.float64(69406.0), np.float64(7451.0), np.float64(5283.0), np.float64(6586.0), np.float64(108932.0), np.float64(5621.0), np.float64(3882.0), np.float64(149406.0), np.float64(3599.0), np.float64(1485.0), np.float64(4700.0), np.float64(49286.0), np.float64(3255.0), np.float64(5481.0), np.float64(2683.0), np.float64(5299.0), np.float64(1517.0), np.float64(7346.0), np.float64(73319.0), np.float64(2335.0), np.float64(71264.0), np.float64(4015.0), np.float64(4886.0), np.float64(4728.0), np.float64(2539.0), np.float64(2294.0), np.float64(33004.0), np.float64(52973.0), np.float64(104211.0), np.float64(5218.0), np.float64(3061.0), np.float64(3868.0), np.float64(2355.0), np.float64(33646.0), np.float64(55269.0), np.float64(80549.0), np.float64(8814.0), np.float64(8154.0), np.float64(8360.0), np.float64(47518.0), np.float64(4641.0), np.float64(58998.0), np.float64(130520.0), np.float64(2085.0), np.float64(69644.0), np.float64(95543.0), np.float64(7209.0), np.float64(64032.0), np.float64(3157.0), np.float64(93510.0), np.float64(8528.0), np.float64(53460.0), np.float64(48520.0), np.float64(7067.0), np.float64(82167.0), np.float64(61024.0), np.float64(86833.0), np.float64(6936.0), np.float64(112138.0), np.float64(78637.0), np.float64(4388.0), np.float64(90717.0), np.float64(86298.0), np.float64(51575.0), np.float64(42013.0), np.float64(59258.0), np.float64(3752.0), np.float64(34162.0), np.float64(1230.0), np.float64(73015.0), np.float64(6550.0), np.float64(131439.0), np.float64(89864.0), np.float64(94959.0), np.float64(83910.0), np.float64(97836.0), np.float64(5110.0), np.float64(108156.0), np.float64(48982.0), np.float64(69757.0), np.float64(6156.0), np.float64(3175.0), np.float64(5220.0), np.float64(32596.0), np.float64(135887.0), np.float64(37384.0), np.float64(100390.0), np.float64(54503.0), np.float64(119155.0), np.float64(27619.0), np.float64(104.0), np.float64(161131.0), np.float64(6666.0), np.float64(102481.0), np.float64(117590.0), np.float64(6188.0), np.float64(3549.0), np.float64(39715.0), np.float64(100507.0), np.float64(7381.0), np.float64(88.0), np.float64(176621.0), np.float64(179211.0), np.float64(42725.0), np.float64(86059.0), np.float64(46948.0), np.float64(129354.0), np.float64(99117.0), np.float64(61323.0), np.float64(3606.0), np.float64(68793.0), np.float64(86882.0), np.float64(74698.0), np.float64(88785.0), np.float64(69122.0), np.float64(101283.0), np.float64(74946.0), np.float64(81537.0), np.float64(151739.0), np.float64(93326.0), np.float64(164200.0), np.float64(1923.0), np.float64(141830.0), np.float64(160567.0), np.float64(73042.0), np.float64(141544.0), np.float64(113453.0), np.float64(62155.0), np.float64(6271.0), np.float64(96110.0), np.float64(158238.0), np.float64(73106.0), np.float64(5480.0), np.float64(88812.0), np.float64(108949.0), np.float64(167018.0), np.float64(87869.0), np.float64(96655.0), np.float64(119141.0), np.float64(70697.0), np.float64(6958.0), np.float64(171751.0), np.float64(3604.0), np.float64(182299.0), np.float64(65230.0), np.float64(64116.0), np.float64(68659.0), np.float64(149352.0), np.float64(76293.0), np.float64(32031.0), np.float64(5529.0), np.float64(128520.0), np.float64(82854.0), np.float64(167772.0), np.float64(131013.0), np.float64(26184.0), np.float64(3991.0), np.float64(58047.0), np.float64(94677.0), np.float64(67087.0), np.float64(80860.0), np.float64(69469.0), np.float64(124273.0), np.float64(102686.0), np.float64(8978.0), np.float64(56587.0), np.float64(4928.0), np.float64(49013.0), np.float64(4899.0), np.float64(69304.0), np.float64(172321.0), np.float64(103602.0), np.float64(109374.0), np.float64(111617.0), np.float64(170993.0), np.float64(182297.0), np.float64(131826.0), np.float64(163527.0), np.float64(140711.0), np.float64(182293.0), np.float64(174681.0), np.float64(181065.0), np.float64(49274.0), np.float64(128944.0), np.float64(121007.0), np.float64(5419.0), np.float64(71535.0), np.float64(111146.0), np.float64(169912.0), np.float64(133712.0), np.float64(106540.0), np.float64(40339.0), np.float64(118572.0), np.float64(184349.0), np.float64(4300.0), np.float64(148775.0), np.float64(47736.0), np.float64(58291.0), np.float64(128366.0), np.float64(44851.0), np.float64(176805.0), np.float64(170837.0), np.float64(78469.0), np.float64(40962.0), np.float64(60289.0), np.float64(95843.0), np.float64(81229.0), np.float64(136834.0), np.float64(118862.0), np.float64(47725.0), np.float64(50872.0), np.float64(8372.0), np.float64(128594.0), np.float64(113252.0), np.float64(27826.0), np.float64(66798.0), np.float64(72701.0), np.float64(145491.0), np.float64(182731.0), np.float64(141646.0), np.float64(84944.0), np.float64(164707.0), np.float64(104339.0), np.float64(125970.0), np.float64(80727.0), np.float64(118894.0), np.float64(184791.0), np.float64(136355.0), np.float64(5092.0), np.float64(126577.0), np.float64(7297.0), np.float64(136353.0), np.float64(79684.0), np.float64(89898.0), np.float64(132584.0), np.float64(109596.0), np.float64(121097.0), np.float64(167854.0), np.float64(79897.0), np.float64(143031.0), np.float64(147936.0), np.float64(67888.0), np.float64(133879.0), np.float64(91666.0), np.float64(125974.0), np.float64(157296.0), np.float64(99853.0), np.float64(32243.0), np.float64(69211.0), np.float64(6686.0), np.float64(121338.0), np.float64(121342.0), np.float64(49735.0), np.float64(91386.0), np.float64(132800.0), np.float64(106594.0), np.float64(8238.0), np.float64(130518.0), np.float64(142550.0), np.float64(42761.0), np.float64(53578.0), np.float64(156025.0), np.float64(105540.0), np.float64(97225.0), np.float64(167380.0), np.float64(122092.0), np.float64(121781.0), np.float64(147410.0), np.float64(128852.0), np.float64(44777.0), np.float64(126088.0), np.float64(76301.0), np.float64(134334.0), np.float64(164226.0), np.float64(158398.0), np.float64(128089.0), np.float64(118834.0), np.float64(132496.0), np.float64(85881.0), np.float64(136341.0), np.float64(118530.0), np.float64(134847.0), np.float64(5048.0), np.float64(69720.0), np.float64(131130.0), np.float64(33830.0), np.float64(50613.0), np.float64(77688.0), np.float64(139640.0), np.float64(109241.0), np.float64(3315.0), np.float64(140481.0), np.float64(85295.0), np.float64(26183.0), np.float64(76143.0), np.float64(132153.0), np.float64(150554.0), np.float64(102984.0), np.float64(124404.0), np.float64(46105.0), np.float64(94503.0), np.float64(73822.0), np.float64(116817.0), np.float64(134004.0), np.float64(133867.0), np.float64(141928.0), np.float64(33090.0), np.float64(120813.0), np.float64(102378.0), np.float64(83969.0), np.float64(115111.0), np.float64(130452.0), np.float64(84512.0), np.float64(53280.0), np.float64(60737.0), np.float64(25887.0), np.float64(139994.0), np.float64(81087.0), np.float64(142831.0), np.float64(149566.0), np.float64(98279.0), np.float64(136359.0), np.float64(6402.0), np.float64(85780.0), np.float64(128968.0), np.float64(159069.0), np.float64(140561.0), np.float64(118270.0), np.float64(136503.0), np.float64(141513.0), np.float64(126921.0), np.float64(35807.0), np.float64(135777.0), np.float64(117109.0), np.float64(93006.0), np.float64(110130.0), np.float64(41828.0), np.float64(107951.0), np.float64(157775.0), np.float64(48649.0), np.float64(153408.0), np.float64(53355.0), np.float64(131098.0), np.float64(104875.0), np.float64(87834.0), np.float64(34332.0), np.float64(78142.0), np.float64(149508.0), np.float64(78620.0), np.float64(142196.0), np.float64(131610.0), np.float64(84246.0), np.float64(66943.0), np.float64(34312.0), np.float64(149350.0), np.float64(146684.0), np.float64(93022.0), np.float64(131104.0), np.float64(142444.0), np.float64(26265.0), np.float64(92643.0), np.float64(88746.0), np.float64(91355.0), np.float64(132422.0), np.float64(96608.0), np.float64(139157.0), np.float64(121469.0), np.float64(177185.0), np.float64(128087.0), np.float64(74342.0), np.float64(62008.0), np.float64(50999.0), np.float64(146986.0), np.float64(146244.0), np.float64(31925.0), np.float64(102747.0), np.float64(155589.0), np.float64(140541.0), np.float64(31851.0), np.float64(119714.0), np.float64(26429.0), np.float64(51167.0), np.float64(171811.0), np.float64(88069.0), np.float64(73160.0), np.float64(26645.0), np.float64(105746.0), np.float64(99122.0), np.float64(74683.0), np.float64(99130.0), np.float64(135937.0), np.float64(148632.0), np.float64(156781.0), np.float64(44773.0), np.float64(106927.0), np.float64(127134.0), np.float64(158882.0), np.float64(140133.0), np.float64(95633.0), np.float64(108078.0), np.float64(143559.0), np.float64(116738.0), np.float64(72624.0), np.float64(72178.0), np.float64(173253.0), np.float64(94661.0), np.float64(153386.0), np.float64(65588.0), np.float64(144222.0), np.float64(6604.0), np.float64(32060.0), np.float64(129011.0), np.float64(96935.0), np.float64(72692.0), np.float64(116718.0), np.float64(37444.0)]"
98,5,92,"[np.float64(79132.0), np.float64(109487.0), np.float64(164179.0), np.float64(1704.0), np.float64(2324.0), np.float64(356.0), np.float64(177765.0), np.float64(122912.0), np.float64(81847.0), np.float64(59615.0), np.float64(72641.0), np.float64(74789.0), np.float64(56757.0), np.float64(72378.0), np.float64(63992.0), np.float64(60040.0), np.float64(81564.0), np.float64(82461.0), np.float64(66934.0), np.float64(56775.0), np.float64(56152.0), np.float64(53464.0), np.float64(63859.0), np.float64(71264.0), np.float64(60126.0), np.float64(69644.0), np.float64(83134.0), np.float64(53993.0), np.float64(67408.0), np.float64(58047.0), np.float64(56801.0), np.float64(52975.0), np.float64(71745.0), np.float64(79139.0), np.float64(55267.0), np.float64(88163.0), np.float64(5299.0), np.float64(8961.0), np.float64(122918.0), np.float64(122916.0), np.float64(134853.0), np.float64(122926.0), np.float64(134130.0), np.float64(593.0), np.float64(116797.0), np.float64(7153.0), np.float64(122904.0), np.float64(4306.0), np.float64(187541.0), np.float64(4016.0), np.float64(1036.0), np.float64(135143.0), np.float64(97921.0), np.float64(1270.0), np.float64(364.0), np.float64(1.0), np.float64(3114.0), np.float64(1214.0), np.float64(1240.0), np.float64(88810.0), np.float64(74458.0), np.float64(81845.0), np.float64(187593.0), np.float64(117176.0), np.float64(1258.0), np.float64(1197.0), np.float64(97938.0), np.float64(4226.0), np.float64(4995.0), np.float64(179819.0), np.float64(168250.0), np.float64(104841.0), np.float64(112852.0), np.float64(5444.0), np.float64(6863.0), np.float64(50872.0), np.float64(47099.0), np.float64(7451.0), np.float64(8529.0), np.float64(4720.0), np.float64(5618.0), np.float64(46578.0), np.float64(1193.0), np.float64(1219.0), np.float64(38038.0), np.float64(858.0), np.float64(904.0), np.float64(608.0), np.float64(1207.0), np.float64(3499.0), np.float64(1333.0), np.float64(152077.0)]"
362,21,109,"[np.float64(858.0), np.float64(50.0), np.float64(1221.0), np.float64(1193.0), np.float64(296.0), np.float64(79132.0), np.float64(593.0), np.float64(1252.0), np.float64(48516.0), np.float64(608.0), np.float64(1089.0), np.float64(48780.0), np.float64(1617.0), np.float64(1258.0), np.float64(68157.0), np.float64(589.0), np.float64(6365.0), np.float64(115569.0), np.float64(175303.0), np.float64(1625.0), np.float64(6870.0), np.float64(2273.0), np.float64(6.0), np.float64(60072.0), np.float64(103688.0), np.float64(70.0), np.float64(4148.0), np.float64(56145.0), np.float64(2194.0), np.float64(2023.0), np.float64(165101.0), np.float64(81782.0), np.float64(56156.0), np.float64(1591.0), np.float64(431.0), np.float64(82667.0), np.float64(2176.0), np.float64(161127.0), np.float64(5784.0), np.float64(81417.0), np.float64(4993.0), np.float64(7153.0), np.float64(5952.0), np.float64(3578.0), np.float64(4306.0), np.float64(6539.0), np.float64(6377.0), np.float64(6874.0), np.float64(33794.0), np.float64(8961.0), np.float64(7438.0), np.float64(8360.0), np.float64(6934.0), np.float64(64614.0), np.float64(318.0), np.float64(356.0), np.float64(2571.0), np.float64(260.0), np.float64(110.0), np.float64(1196.0), np.float64(2959.0), np.float64(47.0), np.float64(592.0), np.float64(367.0), np.float64(2628.0), np.float64(293.0), np.float64(1213.0), np.float64(1682.0), np.float64(2329.0), np.float64(4995.0), np.float64(3147.0), np.float64(111.0), np.float64(1206.0), np.float64(5349.0), np.float64(1208.0), np.float64(5989.0), np.float64(1222.0), np.float64(2291.0), np.float64(16.0), np.float64(1201.0), np.float64(91529.0), np.float64(89745.0), np.float64(1266.0), np.float64(1645.0), np.float64(1263.0), np.float64(60684.0), np.float64(31.0), np.float64(2288.0), np.float64(3006.0), np.float64(98809.0), np.float64(1287.0), np.float64(56782.0), np.float64(40819.0), np.float64(44665.0), np.float64(31696.0), np.float64(1212.0), np.float64(51540.0), np.float64(37729.0), np.float64(5630.0), np.float64(637.0), np.float64(1945.0), np.float64(407.0), np.float64(6987.0), np.float64(924.0), np.float64(1732.0), np.float64(1209.0), np.float64(4262.0), np.float64(104879.0), np.float64(90345.0)]"
491,6,64,"[np.float64(356.0), np.float64(4306.0), np.float64(1682.0), np.float64(1784.0), np.float64(1265.0), np.float64(69757.0), np.float64(50872.0), np.float64(2716.0), np.float64(104211.0), np.float64(7451.0), np.float64(1485.0), np.float64(91077.0), np.float64(88810.0), np.float64(367.0), np.float64(4896.0), np.float64(40815.0), np.float64(81845.0), np.float64(171867.0), np.float64(180231.0), np.float64(597.0), np.float64(97921.0), np.float64(104.0), np.float64(6373.0), np.float64(31685.0), np.float64(69844.0), np.float64(81834.0), np.float64(88125.0), np.float64(54001.0), np.float64(5816.0), np.float64(8529.0), np.float64(6942.0), np.float64(6539.0), np.float64(64969.0), np.float64(104374.0), np.float64(45720.0), np.float64(69406.0), np.float64(106918.0), np.float64(49286.0), np.float64(586.0), np.float64(5218.0), np.float64(3948.0), np.float64(95441.0), np.float64(65230.0), np.float64(317.0), np.float64(7293.0), np.float64(2953.0), np.float64(4246.0), np.float64(34162.0), np.float64(54272.0), np.float64(63859.0), np.float64(5299.0), np.float64(86833.0), np.float64(3247.0), np.float64(88405.0), np.float64(4018.0), np.float64(30825.0), np.float64(106782.0), np.float64(129354.0), np.float64(1911.0), np.float64(170697.0), np.float64(140110.0), np.float64(2671.0), np.float64(4025.0), np.float64(27808.0)]"
111,23,646,"[np.float64(68954.0), np.float64(1036.0), np.float64(2571.0), np.float64(122918.0), np.float64(54286.0), np.float64(33794.0), np.float64(59315.0), np.float64(63131.0), np.float64(593.0), np.float64(1580.0), np.float64(91529.0), np.float64(480.0), np.float64(80489.0), np.float64(48516.0), np.float64(152081.0), np.float64(60069.0), np.float64(2329.0), np.float64(72998.0), np.float64(2959.0), np.float64(94777.0), np.float64(5445.0), np.float64(2617.0), np.float64(356.0), np.float64(2916.0), np.float64(51662.0), np.float64(31696.0), np.float64(53125.0), np.float64(33679.0), np.float64(4306.0), np.float64(58559.0), np.float64(79132.0), np.float64(6539.0), np.float64(4886.0), np.float64(6377.0), np.float64(6874.0), np.float64(7361.0), np.float64(4995.0), np.float64(4963.0), np.float64(8961.0), np.float64(5418.0), np.float64(7438.0), np.float64(4878.0), np.float64(5989.0), np.float64(4896.0), np.float64(8360.0), np.float64(3977.0), np.float64(3408.0), np.float64(99114.0), np.float64(5218.0), np.float64(40815.0), np.float64(4246.0), np.float64(45722.0), np.float64(69122.0), np.float64(7254.0), np.float64(4308.0), np.float64(6373.0), np.float64(35836.0), np.float64(6863.0), np.float64(73017.0), np.float64(106782.0), np.float64(80463.0), np.float64(4447.0), np.float64(69844.0), np.float64(81591.0), np.float64(81834.0), np.float64(71535.0), np.float64(4018.0), np.float64(3535.0), np.float64(134853.0), np.float64(30793.0), np.float64(54503.0), np.float64(3785.0), np.float64(5481.0), np.float64(4270.0), np.float64(4718.0), np.float64(5991.0), np.float64(122904.0), np.float64(34162.0), np.float64(4816.0), np.float64(59784.0), np.float64(8376.0), np.float64(4367.0), np.float64(8984.0), np.float64(115617.0), np.float64(4148.0), np.float64(3617.0), np.float64(45447.0), np.float64(40819.0), np.float64(7373.0), np.float64(8957.0), np.float64(8641.0), np.float64(79091.0), np.float64(8950.0), np.float64(79702.0), np.float64(4016.0), np.float64(8533.0), np.float64(52973.0), np.float64(31685.0), np.float64(4299.0), np.float64(3988.0), np.float64(8528.0), np.float64(91542.0), np.float64(45720.0), np.float64(119145.0), np.float64(6936.0), np.float64(53322.0), np.float64(5810.0), np.float64(5630.0), np.float64(6188.0), np.float64(81847.0), np.float64(30825.0), np.float64(6754.0), np.float64(61132.0), np.float64(8917.0), np.float64(4015.0), np.float64(4890.0), np.float64(58998.0), np.float64(56757.0), np.float64(6287.0), np.float64(6155.0), np.float64(148626.0), np.float64(5528.0), np.float64(97913.0), np.float64(4865.0), np.float64(102903.0), np.float64(4069.0), np.float64(93510.0), np.float64(61024.0), np.float64(27706.0), np.float64(8807.0), np.float64(6957.0), np.float64(60072.0), np.float64(4388.0), np.float64(4448.0), np.float64(45672.0), np.float64(81564.0), np.float64(86880.0), np.float64(81229.0), np.float64(95441.0), np.float64(5620.0), np.float64(6564.0), np.float64(115149.0), np.float64(87869.0), np.float64(56775.0), np.float64(5785.0), np.float64(68554.0), np.float64(39446.0), np.float64(53953.0), np.float64(103335.0), np.float64(69406.0), np.float64(5110.0), np.float64(7347.0), np.float64(46970.0), np.float64(102407.0), np.float64(67087.0), np.float64(86911.0), np.float64(86833.0), np.float64(49286.0), np.float64(60756.0), np.float64(6586.0), np.float64(6888.0), np.float64(7346.0), np.float64(6297.0), np.float64(7317.0), np.float64(8969.0), np.float64(62434.0), np.float64(52245.0), np.float64(96588.0), np.float64(60126.0), np.float64(4974.0), np.float64(112138.0), np.float64(36401.0), np.float64(5943.0), np.float64(84772.0), np.float64(104211.0), np.float64(4247.0), np.float64(6952.0), np.float64(5025.0), np.float64(72407.0), np.float64(150548.0), np.float64(76077.0), np.float64(78772.0), np.float64(51086.0), np.float64(5066.0), np.float64(53993.0), np.float64(79592.0), np.float64(7285.0), np.float64(54190.0), np.float64(102123.0), np.float64(140110.0), np.float64(119141.0), np.float64(135536.0), np.float64(71838.0), np.float64(161131.0), np.float64(106918.0), np.float64(168248.0), np.float64(166534.0), np.float64(167018.0), np.float64(159093.0), np.float64(3897.0), np.float64(3949.0), np.float64(8368.0), np.float64(5816.0), np.float64(68157.0), np.float64(48780.0), np.float64(3948.0), np.float64(74458.0), np.float64(112852.0), np.float64(56174.0), np.float64(4025.0), np.float64(54001.0), np.float64(112556.0), np.float64(122882.0), np.float64(47610.0), np.float64(3752.0), np.float64(4239.0), np.float64(8972.0), np.float64(3301.0), np.float64(7451.0), np.float64(4734.0), np.float64(3273.0), np.float64(91658.0), np.float64(37729.0), np.float64(64839.0), np.float64(33615.0), np.float64(3882.0), np.float64(6503.0), np.float64(46972.0), np.float64(63992.0), np.float64(3825.0), np.float64(4700.0), np.float64(7325.0), np.float64(44022.0), np.float64(7160.0), np.float64(6548.0), np.float64(5449.0), np.float64(53121.0), np.float64(3980.0), np.float64(51935.0), np.float64(3979.0), np.float64(3821.0), np.float64(4054.0), np.float64(47997.0), np.float64(56949.0), np.float64(3646.0), np.float64(3861.0), np.float64(71057.0), np.float64(88405.0), np.float64(111659.0), np.float64(6187.0), np.float64(5283.0), np.float64(4149.0), np.float64(7439.0), np.float64(157296.0), np.float64(45501.0), np.float64(134368.0), np.float64(66203.0), np.float64(166461.0), np.float64(4340.0), np.float64(81537.0), np.float64(78209.0), np.float64(8531.0), np.float64(59725.0), np.float64(59022.0), np.float64(76293.0), np.float64(84374.0), np.float64(135887.0), np.float64(45666.0), np.float64(4228.0), np.float64(47518.0), np.float64(6482.0), np.float64(4255.0), np.float64(99007.0), np.float64(44972.0), np.float64(87485.0), np.float64(70183.0), np.float64(104241.0), np.float64(6006.0), np.float64(62155.0), np.float64(111113.0), np.float64(91104.0), np.float64(46948.0), np.float64(129354.0), np.float64(44004.0), np.float64(94478.0), np.float64(54004.0), np.float64(49396.0), np.float64(101142.0), np.float64(39715.0), np.float64(79134.0), np.float64(5942.0), np.float64(107348.0), np.float64(3177.0), np.float64(103810.0), np.float64(103372.0), np.float64(102481.0), np.float64(98203.0), np.float64(51575.0), np.float64(134393.0), np.float64(95543.0), np.float64(65216.0), np.float64(41573.0), np.float64(55872.0), np.float64(34520.0), np.float64(32598.0), np.float64(47640.0), np.float64(37384.0), np.float64(135861.0), np.float64(117590.0), np.float64(65088.0), np.float64(74946.0), np.float64(93326.0), np.float64(4649.0), np.float64(133419.0), np.float64(158872.0), np.float64(69436.0), np.float64(53460.0), np.float64(40581.0), np.float64(74275.0), np.float64(119155.0), np.float64(143859.0), np.float64(56805.0), np.float64(82852.0), np.float64(65585.0), np.float64(8814.0), np.float64(50189.0), np.float64(59258.0), np.float64(75805.0), np.float64(58156.0), np.float64(5363.0), np.float64(93831.0), np.float64(116977.0), np.float64(31433.0), np.float64(135137.0), np.float64(130520.0), np.float64(96432.0), np.float64(55245.0), np.float64(42007.0), np.float64(93270.0), np.float64(136018.0), np.float64(71205.0), np.float64(63479.0), np.float64(5501.0), np.float64(80166.0), np.float64(61250.0), np.float64(122896.0), np.float64(72167.0), np.float64(59333.0), np.float64(157699.0), np.float64(34530.0), np.float64(71668.0), np.float64(73929.0), np.float64(131013.0), np.float64(4068.0), np.float64(160271.0), np.float64(85022.0), np.float64(54732.0), np.float64(4989.0), np.float64(100390.0), np.float64(88785.0), np.float64(48520.0), np.float64(81156.0), np.float64(5564.0), np.float64(99117.0), np.float64(78174.0), np.float64(32298.0), np.float64(44840.0), np.float64(162602.0), np.float64(102720.0), np.float64(48322.0), np.float64(161580.0), np.float64(166492.0), np.float64(3275.0), np.float64(148956.0), np.float64(98083.0), np.float64(159441.0), np.float64(80139.0), np.float64(170813.0), np.float64(174815.0), np.float64(170401.0), np.float64(39.0), np.float64(170399.0), np.float64(111617.0), np.float64(48385.0), np.float64(135436.0), np.float64(136598.0), np.float64(151739.0), np.float64(142422.0), np.float64(126548.0), np.float64(157312.0), np.float64(88125.0), np.float64(104925.0), np.float64(55261.0), np.float64(148652.0), np.float64(168418.0), np.float64(5874.0), np.float64(1206.0), np.float64(97836.0), np.float64(113453.0), np.float64(167036.0), np.float64(156609.0), np.float64(2572.0), np.float64(34.0), np.float64(4226.0), np.float64(61255.0), np.float64(106540.0), np.float64(85367.0), np.float64(158813.0), np.float64(2541.0), np.float64(62439.0), np.float64(3255.0), np.float64(4900.0), np.float64(3052.0), np.float64(149354.0), np.float64(167634.0), np.float64(1088.0), np.float64(64032.0), np.float64(128914.0), np.float64(102686.0), np.float64(4262.0), np.float64(100507.0), np.float64(597.0), np.float64(159755.0), np.float64(42725.0), np.float64(2700.0), np.float64(165947.0), np.float64(100194.0), np.float64(165103.0), np.float64(162344.0), np.float64(180.0), np.float64(160567.0), np.float64(160080.0), np.float64(176101.0), np.float64(172547.0), np.float64(179211.0), np.float64(162478.0), np.float64(134861.0), np.float64(110771.0), np.float64(96110.0), np.float64(136443.0), np.float64(47122.0), np.float64(70641.0), np.float64(112497.0), np.float64(104218.0), np.float64(168846.0), np.float64(111743.0), np.float64(94953.0), np.float64(1777.0), np.float64(1197.0), np.float64(145.0), np.float64(96616.0), np.float64(179427.0), np.float64(1569.0), np.float64(92264.0), np.float64(6764.0), np.float64(79428.0), np.float64(121715.0), np.float64(87867.0), np.float64(33646.0), np.float64(87483.0), np.float64(74532.0), np.float64(2581.0), np.float64(87529.0), np.float64(117851.0), np.float64(3489.0), np.float64(165645.0), np.float64(1682.0), np.float64(112788.0), np.float64(3247.0), np.float64(500.0), np.float64(110773.0), np.float64(2485.0), np.float64(74154.0), np.float64(97172.0), np.float64(128097.0), np.float64(6944.0), np.float64(1884.0), np.float64(129737.0), np.float64(3253.0), np.float64(128975.0), np.float64(588.0), np.float64(2124.0), np.float64(2447.0), np.float64(2355.0), np.float64(169912.0), np.float64(2335.0), np.float64(2683.0), np.float64(1485.0), np.float64(131826.0), np.float64(83349.0), np.float64(136511.0), np.float64(673.0), np.float64(172215.0), np.float64(155509.0), np.float64(168144.0), np.float64(48394.0), np.float64(50872.0), np.float64(76251.0), np.float64(7293.0), np.float64(8361.0), np.float64(155812.0), np.float64(6003.0), np.float64(2539.0), np.float64(167746.0), np.float64(2125.0), np.float64(123200.0), np.float64(127116.0), np.float64(165843.0), np.float64(7225.0), np.float64(171891.0), np.float64(2078.0), np.float64(118888.0), np.float64(128520.0), np.float64(121372.0), np.float64(128099.0), np.float64(121374.0), np.float64(183959.0), np.float64(183227.0), np.float64(183197.0), np.float64(182749.0), np.float64(181659.0), np.float64(181065.0), np.float64(181139.0), np.float64(176329.0), np.float64(168326.0), np.float64(175577.0), np.float64(171867.0), np.float64(170957.0), np.float64(173255.0), np.float64(170817.0), np.float64(171631.0), np.float64(170897.0), np.float64(170357.0), np.float64(174045.0), np.float64(170937.0), np.float64(168632.0), np.float64(118930.0), np.float64(149352.0), np.float64(119153.0), np.float64(85780.0), np.float64(2174.0), np.float64(1895.0), np.float64(1028.0), np.float64(161024.0), np.float64(127390.0), np.float64(61323.0), np.float64(159161.0), np.float64(130087.0), np.float64(83134.0), np.float64(86293.0), np.float64(2918.0), np.float64(144606.0), np.float64(1020.0), np.float64(109483.0), np.float64(3254.0), np.float64(104644.0), np.float64(410.0), np.float64(100083.0), np.float64(165483.0), np.float64(5.0), np.float64(111375.0), np.float64(2145.0), np.float64(91323.0), np.float64(95720.0), np.float64(2987.0), np.float64(65230.0), np.float64(4545.0), np.float64(57951.0), np.float64(2717.0), np.float64(3210.0), np.float64(184015.0), np.float64(179953.0), np.float64(70565.0), np.float64(318.0), np.float64(106916.0), np.float64(108156.0), np.float64(5524.0), np.float64(104.0), np.float64(140715.0), np.float64(16.0), np.float64(1407.0), np.float64(1676.0), np.float64(1544.0), np.float64(784.0), np.float64(48.0), np.float64(2167.0), np.float64(1907.0), np.float64(1562.0), np.float64(585.0), np.float64(1060.0), np.float64(1367.0), np.float64(1644.0), np.float64(24.0), np.float64(1805.0), np.float64(719.0), np.float64(193.0), np.float64(1911.0), np.float64(327.0), np.float64(1566.0), np.float64(2428.0), np.float64(837.0), np.float64(203.0), np.float64(65.0), np.float64(180265.0), np.float64(551.0), np.float64(122900.0), np.float64(595.0), np.float64(364.0), np.float64(2005.0), np.float64(1282.0), np.float64(1032.0), np.float64(84152.0), np.float64(1704.0), np.float64(2081.0), np.float64(184257.0), np.float64(136471.0), np.float64(165671.0), np.float64(109282.0), np.float64(178323.0), np.float64(171251.0), np.float64(127152.0), np.float64(1856.0), np.float64(59143.0), np.float64(160289.0), np.float64(110669.0), np.float64(2858.0), np.float64(1721.0), np.float64(1517.0), np.float64(3175.0), np.float64(2701.0), np.float64(2294.0), np.float64(2694.0), np.float64(1513.0), np.float64(3174.0), np.float64(3186.0), np.float64(1588.0), np.float64(1702.0), np.float64(2718.0), np.float64(93443.0), np.float64(52281.0), np.float64(67255.0), np.float64(53519.0), np.float64(55276.0), np.float64(54995.0), np.float64(4011.0), np.float64(6365.0)]"
248,10,51,"[np.float64(260.0), np.float64(1196.0), np.float64(1198.0), np.float64(1210.0), np.float64(122918.0), np.float64(1291.0), np.float64(122916.0), np.float64(2571.0), np.float64(102903.0), np.float64(159093.0), np.float64(166528.0), np.float64(6365.0), np.float64(59315.0), np.float64(2115.0), np.float64(33794.0), np.float64(58559.0), np.float64(60069.0), np.float64(115617.0), np.float64(176371.0), np.float64(84152.0), np.float64(106002.0), np.float64(316.0), np.float64(122912.0), np.float64(10.0), np.float64(122922.0), np.float64(6539.0), np.float64(45722.0), np.float64(122896.0), np.float64(86880.0), np.float64(53125.0), np.float64(91500.0), np.float64(106487.0), np.float64(116823.0), np.float64(135133.0), np.float64(164179.0), np.float64(5218.0), np.float64(187593.0), np.float64(122904.0), np.float64(500.0), np.float64(189333.0), np.float64(177765.0), np.float64(6377.0), np.float64(4886.0), np.float64(4306.0), np.float64(3793.0), np.float64(147382.0), np.float64(8961.0), np.float64(151763.0), np.float64(171011.0), np.float64(147374.0), np.float64(147384.0)]"
382,19,291,"[np.float64(54732.0), np.float64(1230.0), np.float64(137857.0), np.float64(318.0), np.float64(858.0), np.float64(50.0), np.float64(527.0), np.float64(2959.0), np.float64(58559.0), np.float64(750.0), np.float64(912.0), np.float64(296.0), np.float64(79132.0), np.float64(2019.0), np.float64(4226.0), np.float64(593.0), np.float64(44555.0), np.float64(1198.0), np.float64(260.0), np.float64(4993.0), np.float64(1196.0), np.float64(5952.0), np.float64(60069.0), np.float64(1219.0), np.float64(68157.0), np.float64(99114.0), np.float64(1201.0), np.float64(68954.0), np.float64(1214.0), np.float64(1204.0), np.float64(910.0), np.float64(356.0), np.float64(63082.0), np.float64(64957.0), np.float64(1265.0), np.float64(1721.0), np.float64(588.0), np.float64(47610.0), np.float64(45720.0), np.float64(35836.0), np.float64(1653.0), np.float64(34162.0), np.float64(4308.0), np.float64(1307.0), np.float64(111659.0), np.float64(6218.0), np.float64(56152.0), np.float64(357.0), np.float64(33660.0), np.float64(215.0), np.float64(72737.0), np.float64(3257.0), np.float64(56176.0), np.float64(73042.0), np.float64(91671.0), np.float64(63540.0), np.float64(2720.0), np.float64(3991.0), np.float64(2687.0), np.float64(2078.0), np.float64(1907.0), np.float64(81847.0), np.float64(106696.0), np.float64(95167.0), np.float64(5378.0), np.float64(33493.0), np.float64(2628.0), np.float64(1210.0), np.float64(166528.0), np.float64(88356.0), np.float64(104076.0), np.float64(83177.0), np.float64(3564.0), np.float64(1702.0), np.float64(59315.0), np.float64(89745.0), np.float64(122900.0), np.float64(110102.0), np.float64(122920.0), np.float64(73017.0), np.float64(91542.0), np.float64(77561.0), np.float64(102125.0), np.float64(61132.0), np.float64(81537.0), np.float64(39292.0), np.float64(58105.0), np.float64(65685.0), np.float64(59501.0), np.float64(56171.0), np.float64(5816.0), np.float64(104074.0), np.float64(41566.0), np.float64(81834.0), np.float64(69844.0), np.float64(54001.0), np.float64(8368.0), np.float64(40815.0), np.float64(4896.0), np.float64(135143.0), np.float64(98809.0), np.float64(106489.0), np.float64(118696.0), np.float64(7153.0), np.float64(1517.0), np.float64(5481.0), np.float64(743.0), np.float64(8641.0), np.float64(60756.0), np.float64(46970.0), np.float64(53974.0), np.float64(160980.0), np.float64(105504.0), np.float64(150.0), np.float64(2028.0), np.float64(2424.0), np.float64(1.0), np.float64(78499.0), np.float64(45447.0), np.float64(56775.0), np.float64(8972.0), np.float64(79185.0), np.float64(158254.0), np.float64(130634.0), np.float64(102716.0), np.float64(86644.0), np.float64(67923.0), np.float64(95796.0), np.float64(26764.0), np.float64(8387.0), np.float64(5501.0), np.float64(72696.0), np.float64(70946.0), np.float64(4580.0), np.float64(34520.0), np.float64(61348.0), np.float64(1606.0), np.float64(4133.0), np.float64(5323.0), np.float64(5094.0), np.float64(170289.0), np.float64(1681.0), np.float64(131934.0), np.float64(339.0), np.float64(110127.0), np.float64(116887.0), np.float64(34048.0), np.float64(455.0), np.float64(100737.0), np.float64(4444.0), np.float64(73015.0), np.float64(131714.0), np.float64(7458.0), np.float64(1388.0), np.float64(135436.0), np.float64(5218.0), np.float64(2294.0), np.float64(55768.0), np.float64(33615.0), np.float64(94985.0), np.float64(1049.0), np.float64(142372.0), np.float64(117545.0), np.float64(2279.0), np.float64(152079.0), np.float64(101362.0), np.float64(33158.0), np.float64(48598.0), np.float64(37741.0), np.float64(6879.0), np.float64(2353.0), np.float64(1003.0), np.float64(4890.0), np.float64(4018.0), np.float64(49647.0), np.float64(4161.0), np.float64(8968.0), np.float64(37386.0), np.float64(34319.0), np.float64(6593.0), np.float64(4700.0), np.float64(7444.0), np.float64(5574.0), np.float64(36519.0), np.float64(3638.0), np.float64(2376.0), np.float64(2273.0), np.float64(4447.0), np.float64(5620.0), np.float64(56949.0), np.float64(4701.0), np.float64(2993.0), np.float64(2948.0), np.float64(2947.0), np.float64(382.0), np.float64(1544.0), np.float64(4638.0), np.float64(117529.0), np.float64(87520.0), np.float64(103042.0), np.float64(58025.0), np.float64(34150.0), np.float64(53464.0), np.float64(110553.0), np.float64(8361.0), np.float64(1917.0), np.float64(208.0), np.float64(6934.0), np.float64(6365.0), np.float64(2571.0), np.float64(1722.0), np.float64(63113.0), np.float64(6332.0), np.float64(4632.0), np.float64(7379.0), np.float64(4310.0), np.float64(2991.0), np.float64(7324.0), np.float64(4719.0), np.float64(47124.0), np.float64(454.0), np.float64(186.0), np.float64(2498.0), np.float64(53466.0), np.float64(6687.0), np.float64(46865.0), np.float64(32296.0), np.float64(6535.0), np.float64(45208.0), np.float64(52279.0), np.float64(60937.0), np.float64(2643.0), np.float64(59725.0), np.float64(442.0), np.float64(8907.0), np.float64(42011.0), np.float64(33836.0), np.float64(51939.0), np.float64(40339.0), np.float64(7155.0), np.float64(2054.0), np.float64(374.0), np.float64(1431.0), np.float64(1569.0), np.float64(91660.0), np.float64(1587.0), np.float64(5040.0), np.float64(61248.0), np.float64(71530.0), np.float64(3826.0), np.float64(2671.0), np.float64(5957.0), np.float64(31685.0), np.float64(7149.0), np.float64(2881.0), np.float64(2496.0), np.float64(165101.0), np.float64(68554.0), np.float64(160080.0), np.float64(130686.0), np.float64(8643.0), np.float64(112460.0), np.float64(93139.0), np.float64(135532.0), np.float64(126482.0), np.float64(160563.0), np.float64(76293.0), np.float64(4085.0), np.float64(148888.0), np.float64(85510.0), np.float64(114713.0), np.float64(122882.0), np.float64(3703.0), np.float64(135137.0), np.float64(7573.0), np.float64(7570.0), np.float64(2990.0), np.float64(109846.0), np.float64(90647.0), np.float64(7569.0), np.float64(47952.0), np.float64(122902.0), np.float64(100507.0), np.float64(114795.0), np.float64(111360.0), np.float64(112171.0), np.float64(115149.0), np.float64(26765.0), np.float64(762.0), np.float64(50003.0), np.float64(55247.0)]"
